SN,seq,sst3
126,MIETPYYLIDKAKLTRNMERIAHVREKSGAKALLALKCFATWSVFDLMRDYMDGTTSSSLFEVRLGRERFGKETHAYSVAYGDNEIDEVVSHADKIIFNSISQLERFADKAAGIARGLRLNPQ,CCCCCEEEEEHHHHHHHHHHHHHHHHHHCCEECEECCCCCCHHHHHHHHCCCCEEEECCHHHHHHHHHHCCCEEEEECCCCCHHHHHHHHHHCCEEEECCHHHHHHHCCCCCCCEEEEEECCC
126,RLGEWDVPKVERVMDRINGFMIHNNCENKDFGLFDRMLGEIEERFGALIARVDWVSLGGGIHFTGDDYPVDAFSARLRAFSDRYGVQIYLEPGEASITKSTTLEVTVLDTLYN,CCCECCHHHHHCCCCCCCEEECCCCCCECCHHHHHHHHHHHHHHHHHHHHHCCEEECCCCECCCCCCCCHHHHHHHHHHHHHHHCCEEEECCCHHHHCCCEEEEEEEEEEEEC
126,KNLAIVDSSIEAHMLDLLIYRETAKVLPNEGSHSYMICGKSCLAGDVFGEFRFAEELKVGDRISFQDAAGYTMVKKNWFNGVKMPAIAIRELDGSVRTVREFTYADYEQSLS,CEEEEECCCHHHHCHHHHHHCCCCCCCCCCCCEEEEEECCCCCCCCEEEEEEECCCCCCCCEEEECCCCCCCHHHCCCHHHCCCCEEEEECCCCCEEEEECCCHHHHHHCCC
126,MTFSKELREASRPIIDDIYNDGFIQDLLAGKLSNQAVRQYLRADASYLKEFTNIYAMLIPKMSSMEDVKFLVEQIEFMLEGEVEAHEVLADFINEPYEEIVKEKVWPPSGDHYIKHMYFNAFARENAAFTIAAMAPCPYVYAVIGKRAMEDPKLNKESVTSKWFQFYSTEMDELVDVFDQLMDRLTKHCSETEKKEIKENFLQSTIHERHFFNMAYINEKWEYGGNN,CCHHHHHHHHHHHHHHHHHHCHHHHHHHCCCCCHHHHHHHHHHHHHHHHHHHHHHHHHHHHCCCHHHHHHHHHHHHHHHCCCCHHHHHHHHHCCCCHHHHCCCCCCCHHHHHHHHHHHHHHHHCCCCHHHHHHHCHHHHHHHHHHHHHHHCCCCCCCCCCHHHHHHHHHHCHHHHHHHHHHHHHHCCCCCHHHHHHHHHHHHHHHHHHHHHHHHHHHCCCCCCCCCC
126,MENKKMNLLLFSGDYDKALASLIIANAAREMEIEVTIFCAFWGLLLLRDPEKASQEDKSLYEQAFSSLTPREAEELPLSKMNLGGIGKKMLLEMMKEEKAPKLSDLLSGARKKEVKFYACQLSVEIMGFKKEELFPEVQIMDVKEYLKNALESDLQLFI,CCCCEEEEEECCCCHHHHHHHHHHHHHHHHCCCEEEEEECHHHHHHHECHHHCCCCCCCHHHHHHHHHCCCCHHHCCCCCCCHHHHHHHHHHHHHHHHCCCCHHHHHHHHHHCCCEEEEEHHHHHHHCCCHHHECCCCEEECHHHHHHHHHHCCEEEEC
126,PSKVALSYSKSLKAPETDSLNLPVDENGYITIFDGETFNGWRGYGKDRVPTKWTIEDGCIKFNGSGGGEAQDGDGGDLIFAHKFKNFELELEWKVAKGSNSGILYLAQEVTSKDKDGNDVLEPIYISAPEYQILDNANHPDAKLGKDNNRQSASLYDMIPAVPQNSKPFGEWNKAKIMVYKGTVVHGQNDENVLEYHLWTKQWTDMLQASKFSEDKWPLAFELLNNCGGENHEGFIGLQDHGDDVWFRNIRVKVLD,CCEEEEEECCCCCCCCCEEEEEEECCCCEEECCCCCCCCCEEECCCCCCCCCEEEECCEEEECCCCCHHHCCCCCCCEEEEEEECCEEEEEEEEECCCCEEEEEEEECCCEEECCCCCEEECCHHHCCCEEEEECCCCCHHHHCCCCCCCCCCCECCCECCCCCCCCCCCCCEEEEEEEECCEEEEEECCEEEEEEECCCHHHHHHHHCCCCCCCCCHHHHHHHHCCCCCCCCEEEEECCCCCCEEEEEEEEEECC
126,NAERRLCAILAADMAGYSRLMERNETDVLNRQKLYRRELIDPAIAQAGGQIVKTTGDGMLARFDTAQAALRCALEIQQAMQQREEDTPRKERIQYRIGINIGDIVLEDGDIFGDAVNVAARLEAISEPGAICVSDIVHQITQDRVSEPFTDLGLQKVKNITRPIRVWQWVPDA,CCEEEEEEEEEEEECCCCHHHCCCCHHHHHHHHHHHHHCHHHHHHHCCCEEEEEECCEEEEEECCHHHHHHHHHHHHHHHHHHCCCCCHHHCCCEEEEEEEEEEEECCCCEECHHHHHHHHHHHHCCCCCEEEEHHHHHHHCCCCCCCCEEEEEEEECCEEEEEEEEEECCCC
126,ISPNVLNNMKSYMKHSNIRNIIINIMAHELSVIN,CCHHHHHHHHHHCCCCHHHHHHHHHHHHHHHHHC
126,TFLKAAFNKIDKDEDGYISKSDIVSLVHDKVLDNNDIDNFFLSVHSI,CHHHHHHHHHCCCCCCCECHHHHHHHCCCCCCCHHHHHHHHHHHHCC
126,NHIKYINELFYKLDTNHNGSLSHREIYTVLASVGIKKWDINRILQALDINDRGNITYTEFMAGCYRWKNI,CHHHHHHHHHHHHCCCCCCCEEHHHHHHHHHHCCCCHHHHHHHHHHHCCCCCCEECHHHHHHHHCCCCCC
126,FTLDERLERDGIPIGTLGLCQMRLMNDRRWPWLILVPQRADIKEVFELTPLDQAMLTFETNLVAAGLKKATGAEKINIGALGNIVRQLHVHVIARREGDPNWPGPVWGFGKAEPWPEEEHRTFAARIMENL,CCCCHHHHHHEEEEEECCCEEEEEECCCCCCEEEEEECCCCCCCHHHCCHHHHHHHHHHHHHHHHHHHHHHCCCEEEEECCCCCCCCCCEEEEEECCCCCCCCCCCCCCCCCCCCCHHHHHHHHHHHHHHC
126,DYKTAFHLAPIGLVLSRDRVIEDCNDELAAIFRCARADLIGRSFEVLYPSSDEFERIGERISPVMIAHGSYADDRIMKRAGGELFWCHVTGRALDRTAPLAAGVWTFEDLS,CHHHHHHHCCCEEEEEECCEEEEECHHHHHHCCCCHHHHCCEEHHHHCCCHHHHHHHHHHHHHHHHHHCCEEEEEEEECCCCCEEEEEEEEEECCCCCCCCCEEEEEEECC
126,ANFIEKITYLGTPAIKAGNEHLEMIVVPEWGSNVISLVDKTTNVQLLREPETAESFHDTPTLYGIPILFPPNRISDGTFSFRGRTYHFDINEKDKHNHLHGFLYHEKWNVVTTKQT,CEEEEEEEECCEEEEEEEECCEEEEEECCCCCEEEEEEECCCCEECECCCCCHHHHHHCCCCCCCCEEECCCEEECCEEEECCEEEECCCCECCCCEEECECCCCCCCEEEEEEEC
126,EGVIVETEIDLSELPHVQKQFPHHAVVRMTYTIKENTLFKHATVMNKGKEAFPWGIGYHTTFIFPAESSLFSLTADQQWELDERLLPTGKLMDVPYKEALHEGMDLRHKQLDDVFLSSYQKRGGENQAVIYHQHAHISIIYKADEQFKHWVVYNADGKQGYLCPEPYTWVTNAVNLDLPSSLTGLQVLEPGEETTAKSSITIELN,CCEEEEEEEEHHHCHHHHHHCCCCEEEEEEEEEECCEEEEEEEEEECCCCCEEECCEECCCEECCCCCEEEEECEEEEEEECCCCCEEEEEEECCCHHHHHHCECCCCCCCEEEEEECHHHHCCCCEEEEEECCCCEEEEEEECCCCCEEEEECCCCCCCEEEEEEECCCCCHHHCCCCHHHHCCEEECCCCEEEEEEEEEEEEC
126,IERLQDYLLPEWVSIFDIADFSGRMLRIRGDIRPALLRLASRLAELLNESPGPRPWYPHVASHMRRRVNPPPETWLALGPEKRGYKSYAHSGVFIGGRGLSVRFILKDEAIEERKNLGRWMSRSGPAFEQWKKKVGDLRDFGPVHDDPMADPPKVEWDPRVFGERLGSLKSASLDIGFRVTFDTSLAGIVKTIRTFDLLYAEAEK,CCEHHHCCCHHHHHHHHCCCHHHHHHHHHHCHHHHHHHHHHHHHHHHHCCCCCCCCEEEECCCCCCCCCCCCEEEEEEECCCCCCCCCCEEEEEEECCEEEEEEEECCCCHHHHHHHHHHHHHCHHHHHHHHHHHCCCEECHHHCCCCCCCCCECCCCHHHHHHHHHHCCCCCEEEEEEECCCCEHHHHHHHHHHCHHHHHHCCC
126,AGLWDWNPKTGAMYLSPHFKKIMGYEDHELPDEIT,CEEEEECCCCCCEEECHHHHHHCCCCHHHCCCEEC
126,ESIHPDDRARVLAALKAHLEHRDTYDVEYRVRTRSGDFRWIQSRGQALWNSAGEPYRMVGWIMD,CCECCCCHHHHHHHHHHHHHHCCCEEEEEEEECCCCCEEEEEEEEEEEECCCCCEEEEEEEEEC
126,DLKIALIYGKTGPLEAYAKQTETGLMMGLEYATKGTMTLDGRKIVVITKDDQSKPDLSKAALAEAYQDDGADIAIGTSSSAAALADLPVAEENKKILIVEPAVADQITGEKWNRYIFRTGR,CEEEEEEECCCCCCHHHHHHHHHHHHHHHHHHCCCCCEECCEEEEEEEEECCCCHHHHHHHHHHHHHCCCCCEEEECCCHHHHHHHHHHHHHHCCCEEECCCCCHHHHCCCCCCCEEECCC
126,YYYYDIPKNPINEWLVTEHQKRFNAPPDFFTAGGFSAAMAVVTAVQKAKSTDTEKLIAAMEGMEFDTPKGKMVFRKEDHQALQ,CCCCCCCCCHHHHHHHHHHHHHHCCCCCHHHHHHHHHHHHHHHHHHHHCCCCHHHHHHHHCCCEEEECCEEEEECCCCCEEEC
126,NSSQDAISNAVAIGKQGVTIATLAQDYAFGRDGVAAFKEALAKTGATLATEEYVPTTTTDFTAVGQRLFDALKDKPGKKIIWVIWAGGGDPLTKLQDMDPKRYGIELSTGGNILPALAAYKRLPGMEGAT,CHHHHHHHHHHHHCCCCEEEEEEEECCHHHHHHHHHHHHHHCCCCCEEEEEEEECCCCCCCHHHHHHHHHHHCCCCCEEEEEECCCCCCCHHHHHHHCCHHHHCEEEEECCCCCCHHHHHHHCCCCEEEC
126,SMYHFKVKVDPAVAWAVLEPVRELKIEEMN,CEEEEEEECCCCCCCCEEEEEEEECHHHCC
126,IKSFLWTQSLRRELSGYCSNIKLQVVKDAQALLHGLDFSEVSNVQRLMRKERRDDNDLKRLRDLNQAVNNLVELKSTQQKSILRVGTLTSDDLLILAADLEKLKSKVIRTERPLSAGVYMGNLSSQQLDQRRALLNMIGM,CHHHHHHHHHHHHCHHHCCCCHHHHHHHHHHHHHHCCHHHHHHHHHHHCCCCEEHHHHHHHHHHHHHHHHHCCCECCCCCEEECECCECHHHHHHHHHHHHHHHHHHHHHHCHHHHCEECCCCCHHHHHHHHHHHHHCCC
126,DGVVRVWDVKNAELLNNQFGTMPSLTLACLTKQGQVDLNDAVQALTDLGLIYTAKYPNTSDLDRLTQSHPILNMIDTKKSSLNISGYNFSLGAAVKAGACMLDGGNMLETIKVSPQTMDGILKSILKVKKALGMFISDTPGERNPYENILYKICLSGDGWPYIASRTSITGRAWENTVVDLE,CCEECCEECCCHHHHCCCCCCCHHHHHHHHHHHHCCCHHHHHHHHHHHHHHHCCCCCCHHHHHHHHHHCHHHHHCCCCCCCCCCCCCCCCHHHHHHHHHHCCCCCCCHHHCCECCCCHHHHHHHHHHHHHHHCCCCCCCCCCCCHHHHHHHHHHHCCCECCCCCECCCCCCCHHHHEEECCC
126,GLTYSQLMTLKDAMLQLDPNAKTWMDIEGRPEDPVEIALYQPSSGCYIHFFREPTDLKQFKQDAKYSHGIDVTDLFATQPGLTSAVIDALPRNMVITCQGSDDIRKLLESQGRKDIKLIDIALSKTDSRKYENAVWDQYKDLCHMHTGVVVEKK,CCCHHHHHHHHHHHHHCCCCCCCEEEEECCCCCCCEEEEEECCCCEEEEEECCCCCHHHHHHHHHHCCCECHHHHCCECCCHHHHHHHCCCCCCEEEECCHHHHHHHHHHCCCCCCEEEECCCCHHHHCCCHHHHHHHHHHHCCCECCCEEECC
126,HQQDVYVQIDRDGRHLSPGGTEYTLDGYNASGKKEEVTFFAGKELRKNAYLKVKAKGKYVETWEEVKFEDMPDSVQSKLK,CEEEEEEECCCCCEEECCCEEEEEEEEECCCCCEEEEEEEECCCCCCCCEEEEEEECCEEEEEEEECHHHCCHHHHHHHC
126,KVTSSLLATGLLLDITSSSASKSFIYDELLAKQMAWGESMEDYQYNVFGRSGFGGYTTLINAQKMVESVSDDNVNAYDGLAHFIKAYKIFYMSMEMGDLPYEEALQGELGLVRPKYNTQKEVMNFILSDLETAYELFSTAKDFDGDPILGGSISKWKKATTAFQLKVLMHLSKKESDADLKVKERFARIVASGSLMESNEDNLQMKYA,CCCHHHHHHHHHHHHHCCCCCHHHHHHHHHCCCEEECCCCCHHHHCCCCECCCHHHHHHHHHHHHHHCCCCCCHHHHHHHHHHHHHHHHHHHHHHHCCECCCCHHHHHCCCCCCCCECHHHHHHHHHHHHHHHHHHHHCCCCCCCCCCCCCCHHHHHHHHHHHHHHHHHHCHHHCCCCCCCHHHHHHHHHHHCCCCCCHHHCEEECCC
126,ANTVYPFHNTNTKHAGYAMLSTMLIDKFKATGDIRMFYYAKPAKAKLNEGVTADSWDAYIGTDPSLPFEQIEKAYATEQYSGFNARYTDYPSGEPVVRLGYAEQNFILAEAAVRGWISGDASAYYKKAIRAHMEFIASNTPDEEVYHHGHPITEEAIAAFLETPAIQLSGEKEADIEKILTQRYLASFMQHPYDVYYDYRRTGYPVLPINPATNRNTMNDRLPMRWMYPKSESDYNLEHQNEALERQFGGVDDVNKLMWILQ,CCCCCCCCCCCCCCHHHEEEEHHHHHHHHHHCCCCHHHHECCCHHHHHCCCCCCCHHHCCCECCCCCHHHHHHHHHCCCCCCECHHHCCCCCCCCEEEECHHHHHHHHHHHHHCCCCCCCHHHHHHHHHHHHHHHHHHCCCCCHHHHCCCCCCHHHHHHHHCCHHHCCCCCHHHHHHHHHHHHHHHCCCCCCCHHHHHHHHHCCCCCCCCCCCCCCCCCCCCCCCCECCHHHHHHCHHHHHHHHHHHHCCCCCCCCCCHHHC
126,VTYTFLGPQGTFTEAALMQVPGAADATRIPCTNVNTALERVRAGEADAAMVPIENSVEGGVTATLDAIATGQELRIIREALVP,CEEEEECCCCCHHHHHHCCCCCHHHCEEEEECCHHHHHHHHHCCCCCEEEEEEECCCCCCHHHHHHHCCCCCCCEEEEEEEEC
126,VTRFILVSRPGALPERTGADKTTVVVPLPEDHPGALMEILDQFASRGVNLSRIESRPTGQYLGHYFFSIDADGHATDSRVADALAGLHRISPATRFLGSYARADKQPAVVAPHTSD,CEEEEEEECCCCCCCCCCCEEEEEEEECCCCCCCHHHHHHHHHHCCCCCEEEEEEEECCCCCCCEEEEEEEECCCCCHHHHHHHHHHHHHCCCCEEEEEEECCCCCCCCCCCCCCC
126,ITFVLVARPGVELSDIKRISTHGHAWAQCRLWVDEHLPNADYVPGSSTAASAMGLLEDDAPYEAAICAPLIAAEQPGLNVLAEDIGDNPDA,CCCEEEECCCCCHHHCCEEEECHHHHCCCHHHHHHHCCCCEEEECCCHHHHHHHCCCCCCCCCEEEECHHHHHHCCCCEEEECCCCCCCCC
126,TVDPANIDYTPENASSWHNYMRNVAALLKTDATNLYNAWNSSYKGGESYA,CCCHHHCCCCCCCHHHHHHHHHHHHHHHHHHHHHHHHHHHCCCCCCCCCC
126,VDAVVVPTYKSLKEKNDALYNAVIVLADNPSNSAFETACDAWITAREPWEKSEAFLFGPVDEMGLDPNMDSWPLDQNAIVQILNSQSWSDLEWSEGDDEAAVESAQNVRGFHTLEFLLYKNGEPRKVQ,CCCCHHHHHHHHHHHHHHHHHHHHHHHHCCCHHHHHHHHHHHHHHHHHHHCCHHHCCCHHHHCCHHHHHHCCCCCHHHHHHHHHHCCHHHHCCCCCCCHHHHHHHHCCCHHHHHHHHHEECCEECCCC
126,SLFKAHSGSPYASALSCVEEIVDKCAEIANEVGTAKIGDPYNLYKAGNTEEALYAVESWYSWHSRDDYTNNIYSIRNAYYGSLDGNINANSLSTVIAGANSSLDTKIKNAIQKAAKAIQDIPQPFRNHIPSNETVAAMDACAELESILKNDLKSYIANNSNNINTDAVLNPVVTQY,CHHHHCCECCECCHHHHHHHHHHHHHHHHHHHHHCCCHHHHHHHHCCCHHHHHHCCCCHHHCCHHHHHHHHHHHHHHHHHCCCCCCCCCCCHHHHHHHHCHHHHHHHHHHHHHHHHHHHCCCCCHHHCCCCHHHHHHHHHHHHHHHHHHCHHHHHHHCHHHCCCCHHHHHHHHHHC
126,FALCIVRNDYVIVKVNEYFESRVIFD,CEEEEEECCCEEEEECHHHHHCCCCC
126,TMQGKNILELFPESADYLKRKIDTALVIESSSFSS,CCCCCEHHHHCHHHHHHHHHHHHHHHHHCCCEEEC
126,EQMYQNLEVIPIHSEDGTIEHVCLCVYDVTIQ,CCEEEEEEEEEEECCCCCEEEEEEEEEEEECC
126,SKPYMIMNATQIRNMRSVLKSGMKVYFQLGADIDMAGIDDWQSLNGSGDFPYEIDFDGDSHVIKNFKCSAGDYPSFFGVLCGDCRNVGFVNASVSSARQGIGIITGYLGLKDKGNGNKTGRIVNCYTTGEVIGSGAAGGIAGVLANSYDGQESYIKNCYSNATVSDRAASGGKAGGIAGRKVGVGGFIENCYAYGAVSATKGGVGGILGQIDKSCDIAIKNSAAWSNLTGVDASSTVGRIVGVSASLGSYENCYACESIVLKVNEKTITASDESSATGTTFHGVAK,CCCEEECCHHHHCCHHHHCCCCCCEEEEECCCEECCCCCCCCCCCCCCCCCCCEEEEEEEEEEECCEECCCCCCCCCCEECEEEEEEEEEEEEEECCCCCEECCEEEECCCCCCCHHHCEEEECCEEEEEEEECCCEECCEEEECCCECCECCEEEEEEECCEEEECCCCCEEEECCEEEECCCCCEEEEEEECCCEEECCEEEECCEEEECCCCCEEEEEEEECCCEEECCCCCEEECCEEECHHHEEEEEEEECCCCCEEECCEEECCCCCCCCCCCCECCEEC
126,SAEELGNIIVAWNPNLWKKGTNGYPIFQWSE,CHHHHHHHHHHHCCCCEECCCCCCCEECCCC
126,NLRWTSEAKTKLKNIPFFARSQAKARIEQLARQAEQDIVTPELVEQARLEFGQ,CCEECHHHHHHHHCCCHHHHHHHHHHHHHHHHHCCCCEECHHHHHHHHHHHHC
126,ALPEILVTEDHGAVGQEMCCPICCSEYVKGEVATELPCHHYFHKPCVSIWLQKSGTCPVCRCMFPPPL,CCCEEECCCCCCCCCCCCEECCCCEECCCCCEEEEECCCEEEEHHHHHHHHCCCCECCCCCCECCCCC
126,MTDLVAVWDVALSDGVHKIEFEHGTTSGKRVVYVDGKEEIRKEWMFKLVGKETFYVGAAKTKATINIDAISGFAYEYTLEINGKSLKKYM,CCCEEEEEEEEECCEEEEEEEEECCCCCCEEEEECCEEEEEECCCCCCCEEEEEEECCCCEEEEEEEEEECCCEEEEEEEECCEEEEECC
126,TVNTMTATIENQGNKDSTSFNVSLLVDGIVVDTQTVTSLESENSTNVDFHWTL,CEEEEEEEEEECCCCCECCEEEEEEECCEEEEEEEECCECECCEEEEEEEEEC
126,ANSYTLTVNVDPENAVNEGNESNNTLTALVGT,CCEEEEEEEECCCCCCCCCCHHHCEEEEEEEC
126,LDADEEVYSALVVGLRAYVAKNGFRSVLIGLSGGIDSALVAAIACDALGAQNVYGVSMPSKYSSDHSKGDAAELARRTGLNFRTVSIEPMFDAYMASLGLTGLAEENLQSRLRGTTLMAISNQEGHIVLAPGNKSELAVGYSTLYGDSVGAYGPIKDVYKTSIFRLAEWRNRAAAERGQTPPIPEASI,CCHHHHHHHHHHHHHHHHHHCCCCCCEEEECCCCHHHHHHHHHHHHHHCHHHEEEEECCCCCCCHHHHHHHHHHHHHHCCEEEECCCHHHHHHHHHHHCCCCHHHHHHHHHHHHHHHHHHHHHHCCEEECCCCHHHHHHCCCCCCCCCCCCECCCCCCCHHHHHHHHHHHHHHHHHCCCCCCCCCCCC
126,PDYPVLDAILELYVDRDTGADAIVAAGYDRELVVKTLRMVDTAEYKRRQYPPGTKISAKGFGKDRRLPITNRWREGH,CCHHHHHHHHHHHHCCCCCHHHHHHCCCCHHHHHHHHHHHHHCHHHHHCCCCCCCCCCCCCCCCCCCCCCCCCCCCC
126,GSCKGRCFELQEVGPPDCRCDNLCKSYSSCCHDFDELCLK,CCCCCCCCCCCCCCCCCCECCCCCCCCCCECCCHHHHCCC
126,TARGWECTKDRCGEVRNEENACHCSEDCLSRGDCCTNYQVVCKGE,CECCCCCCHHHCCCCCCCCECCECCCCCHHHCCECCCHHHHHCCC
126,SHWVDDDCEEIKVPECPAGFVRPPLIIFSVDGFRASYMKKGSKVMPNIEKLRSCGTHAPYMRPVYPTKTFPNLYTLATGLYPESHGIVGNSMYDPVFDASFHLRGREKFNHRWWGGQPLWITATKQGVRAGTFFWSVSIPHERRILTILQWLSLPDNERPSVYAFYSEQPDFSGHKYGPFGPEMTNPLREIDKTVGQLMDGLKQLRLHRCVNVIFVGDHGMEDVTCDRTEFLSNYLTNVDDITLVPGTLGRIRAKSI,CCHHHCCCCCCCCCCCCCCCCCCCEEEEEEECCCHHHHHHHHHCCHHHHHHHHHCEECCCEECCCCCCHHHHHHHHHHCCCHHHHCCCCCCEEECCCCEEECCCCCHHHCHHHCCCCCHHHHHHHCCCCECCCCCCCCCCHHHHHHHHHHHCCCCCCCCCCEEEEEEEEEHHHHHHHCCCCHHHHHHHHHHHHHHHHHHHHHHHCCCCCCCEEEEEECCCCEECCCCCEEEHHHCCCCHHHEEEECECEEEEEECCC
126,YDPKTIIANLTCKKPDQHFKPYMKQHLPKRLHYANNRRIEDIHLLVDRRWHVARKP,CCHHHHHHHCCCCCCCCCEEEEEHHHCCHHHCCCCCCCCCCEEEEECCCCEEECCC
126,CFFQGDHGFDNKVNSMQTVFVGYGPTFKYRTKVPPFENIELYNVMCDLLGLKPAPNNGTHGSLNHLLRTNTFR,CCCCEECCCCCCCHHHCECEEEECCCECCCEECCCEEHHHHHHHHHHHHCCCCCCCCCCCCCCHHHECCCCCC
126,PTMPDEVSRPNYPGIMYLQSEFDLGCTCD,CCCCCCCECCECCCCCCCHHHCCCCCCCC
126,MPLEWRAGASSDEINAIIRAVYRQVLGNDYVMSTERLTSAESLLRGGEISVRDFVRAVALSELYREKFFHNNAHNRFIELNFKHLLGRAPYDQAEVAAHAATYHSHGYDADINSYIDSAEYTESFGDNVVPYFRG,CCCECCCCCCHHHHHHHHHHHHHHHHCCCCCCCCCCCHHHHHHHHCCCCCHHHHHHHHHHCHHHHHHHCCCCCHHHHHHHHHHHHCCCCCCCHHHHHHHHHHHHHCCHHHHHHHHHCCCCCCCCCCCCECCCCCC
126,KRGFPAVLDENTEILILGSLPSDESIRKQQY,CECCCCECCCCCCEEEEECCCCHHHHHHCCC
126,DFWRLVGHAIGENLQDMAYEKKLKTLKHNRIGLWDVFKAGS,CHHHHHHHHHCCCCCCCCHHHHHHHHHHCCEEEEECEEECC
126,GDEEINDFSGLKEMVPKLRLICFNGRKAGEYEPLLRGMGYETKVLPSSS,CCCEECCCCCHHHHCCCCCEEEEECHHHHCCHHHHHHHCCEEEEECCCC
126,MMDYGIDIWGNENFIIKNGKVCINYEKKPAIIDIVKELRDDGYKGPLLLRF,CCCCCCCCCCHHHEEECCCCEEECCCCCCEHHHHHHHHHHCCCCCCEEEEC
126,EVQERYLVNFSLFQSMPDFWGLEQNFPIMPLDRLDEEPTRSASIWDITCDSDGEISYSKDKPLFLHDVDVEKENYFLGFFLVGAYQEVLGMKHNLFTHPTEAIISINEKGYEVEGIIEA,CCCEEEEECCCCCCCCHHHHHCCCCCCEEECCCCCCCCCCEECCEECCCCCCCECCCCCCCCCECCCCCCCCCCCEEEECCCCCCCCCCCCCCCCCCCCEEEEEEECCCCEEEEEEECC
126,PHLIQKQIENIYGNFNKARKEFGYKGGFNAVYPLKVNQYPGFVKNLVKLGKDYNYGLEAGSKAELLLAMAYNNEGAPITVNGFKDRELINIGFIAAEMGHNITLTIEGLNELEAIIDIAKERFKPKPNIGLRVRLHSA,CHHHHHHHHHHHHHHHHHHHHCCCCCCEEEEEEHHHCCCHHHHHHHHHHCHHHCCEEEECCHHHHHHHHHHCCCCCEEEECCCCCHHHHHHHHHHHHCCCEEEEEECCHHHHHHHHHHHCCCCCCCCEEEEEECCCCC
126,KFGLTSTELIEAVNLLKENKLLEQFTMIHFHLGSQITEIHPLKKALNEAGNIYTELRKMGAKNLKAINLGGGLAVEYSQFKNEKSRNYTLREYANDVVFILKNIAEQKKDLEPDIFIESGRFVAANH,CCCECHHHHHHHHHHHHHCCCCCCEEEEECCCCCCECCCHHHHHHHHHHHHHHHHHHHCCCCCCCEEEEECCECCCCCCCCCCCCCCCCHHHHHHHHHHHHHHHHHHCCCCCCEEEECCCHHHHCCC
126,EYAENKLILKKQNPKLIDELYDLYKSIKPSNALEYLHDSIDHLESILTLFDLGYVDLQDRSNAEILTHLITKKAILLLG,CCCHHHCCCCCCCCHHHHHHHHHHHHCCCCCHHHHHHHHHHHHHHHHHHHCCCCCCHHHHHHHHHHHHHHHHHHHHHCC
126,QSILDTLEDLDYDIHAIMDILNERISNSKLVNDKQKKHILGELYLFLNDNGYLKSI,CCHHHHHHHCCCCHHHHHHHHHHHHHCCCCCCHHHHHHHHHHHHHHHCCCCCCCCC
126,HFHYTVTDIKDLTKLGAIYDKTKKYWVYQGKPVMP,CCCCCHHHHHHHHHHCCEEECCCCEEEECCEECCC
126,DQFTFELLDFLHQLTHLSFSKMKALLERSHSPYYMLNRDRTLKNITETCKACAQVNASKS,CHHHHHHHHHHHHHHCCCHHHHHHHHHHHCCCCCCCCHHHHHHHHHHHCHHHHHHHCCCC
126,QYVSFKAPIASGSDGVTTIYVRYKDNGKVTYQLPIIVSGSTVNSQDRDIHIAVDKDTLKTLNIERFSLYRPELWYTEMEEDKYEFPETVHIPAGSCVELLNIDFNLQDIDMLEKWVLPLTIVDDGSYAYQ,CEEEECCCCCCCCCCCEEEEECCCCCCEEEEEEEEEEECCCCCCCCEEEEEEECHHHHHHHHHHHHCCCCHHHCCEECCHHHEECCCEEEECCCCCEEEEEEEEECCCCCCCCCEEEEEEEEECCCCCCC
126,NNYSGSYTASSMKVYTYINGKPDTNARTTDKRTGYVVDNNSIFFYAGLINEDMDKDMRKKYKINVHFKEDGTLDMKQDDPSNEMEFELIGTPTYSSTSVMDATRPYLERRYVQIMFEYDFQDFTYGGSGTEVIPIKYRVAGSMTLLRNINTQIPDEDQQIEW,CCCCEEEECCCEEEEEEECCEEEEEEECCCEEEEEEEECCEEEEECCCCCCCCCHHHHHHHEEEEEECCCCEEEEEECCCCCCCCCEECCCCEEEEEEEECCCCCCEEEEEEEEEEEEEEEECCCCCCCCCCCCEEEEEEEEEEEEEEEECCCCCCCCCECC
126,FEIEEHLLTLSENEKGWTKEINRVSFNGAPAKFDIRAWSPDHTKMGKGITLSNEEFQTMVDAF,CEEEEEEEEEEECCCCCEEEEEEEECCCCCCEEEEEEECCCCCCEEEEEEECHHHHHHHHHHC
126,VFKRVAGIKDKAAIKTLISAAYRQIFERDIAPYIAQNEFSGWESKLGNGEITVKEFIEGLGYS,CCCCCCCCCCHHHHHHHHHHHHHHHCCCCCCHHHHHHHCHHHHHHHHHCCCCHHHHHHHHHHC
126,NLYLKEFYTPYPNTKVIELGTKHFLGRAPIDQAEIRKYNQILATQGIRAFINALVNSQEYNEVFGEDTVPY,CHHHHHHCCCCCHHHHHHHHHHHHCCCCCCCHHHHHHHHHHHHHCCHHHHHHHHHCCHHHHHHCCCCCCCC
126,RQKYAMKPGLSALEKNAVIKAAYRQIFERDITKAYSQSISYLESQVRNGDISMKEFVRRLAKSPLYRKQFFEPFINSRALELAFRHILGRGPSSREEVQKYFSIVSSGGLPALVDALVDSQEYADYFGEETVPY,CCCCECCCCCCHHHHHHHHHHHHHHHCCCCCCCCCCCHHHHHHHHHHHCCCCHHHHHHHHHCCHHHHHHCCCCCCHHHHHHHHHHHHCCCCCCCHHHHHHHHHHHHHCCHHHHHHHHHCCHHHHHCCCCCECCC
126,RIEAKRASDMGKSVMETVIAFANEPGLDGGYLLLGVDWAINDKGDTVYRPVGLPDPDKVQRDLASQCASMLNVALRPEMQLEQVGGKTLLVVYVPEADVTHKPIYKK,CEEEECHHHCCHHHHHHHHHHHHCCCCCCEEEEECEEEEECCCCCEEEEECCCCCHHHHHHHHHHHHHHHECCCCCCEEEEEEECCEEEEEEEECCCCCCCCCCCEC
126,QHLLVGGSGWNKIAIINKDTKEIVWEYPLEKGWECNSVAATKAGEILFSYSKGAKMITRDGRELWNIAAPAGCEMQTARILPDGNALVAWCGHPSTILEVNMKGEVLSKTEFETGIERPHAQFRQINKNKKGNYLVPLFATSEVREIAPNGQLLNSVKLSGTPFSSAFLDNGDCLVACGDAHCFVQLNLESNRIVRRVNANDIEGVQLFFVAQLFPLQNGGLYICNWQGHDREAGKGKHPQLVEIDSEGKVVWQLNDKVKFGMISTICPIRE,CEEEEECCCCCEEEEEECCCCEEEEEEECCCCCCCCEEEECCCCCEEEECECEEEEECCCCCEEEEEECCCCCEEEEEEECCCCCEEEEEECCCEEEEEECCCCCEEEEEEECCCCCCHHHCCCCCEECCCCCEEEEECCCCEEEEECCCCCEEEEEECCCCCCEEEECCCCCEEEECECCCEEEEECCCCCCEEEEEEHHHCECCCCCEEEEEEECCCCCEEEEEECCCCCCHHHCCCCCEEEECCCCEEEEEECCCCCCCCCCEEEEECC
126,MLKEKAGALAGQIWEALNGTEGLTQKQIKKATKLKADKDFFLGLGWLLREDKVVTSEVEGEIFVKLV,CHHHHHHHHHHHHHHHHCCCCCEEHHHHHHHHCCCCHHHHHHHHHHHHHCCCEEEEEECCEEEEEEC
126,KKIVGANAGKVWHALNEADGISIPELARKVNLSVESTALAVGWLARENKVVIERKNGLIEIYNE,CHHHHHHHHHHHHHHHHCCCECHHHHHHHHCCCHHHHHHHHHHHHCCCCEEEEEECCEEEEEEC
126,VEKKKYLDSEFLLHCISAQLLDMWKQARARWLELVGKEWAHMLALNPERKDFLWKNQSEMNSAFFDLCEVGKQVMLGLLGKEVALPKEEQAFWIMYAVHLSAACAEELH,CCHHHHHCHHHHECCECHHHHHHHHHHHHHHHHHHHHHHHHHHHHCCCCCCCCCCCCCHHHHHHHHHHHHHHHHHHHHHCCCCCCHHHHHHHHHHHHHHHHHHHHHCCC
126,MKDGTYYAEADDFDESGWKDTVTIEVKNGKIVSVDWNAINKDGGDDKDTLSRNGGYKMVEYGGAQAEWHEQAEKVEAYLVEKQDPTDIKYKDNDGHTDAISGATIKVKKFFDLAQKALKDAEK,CCCCEEEEECCCCCCCCEEEEEEEEEECCEEEEEEEEEEECCCCCCHHHHHHHCCCCCCCCCCCCCCCCCCHHHHHHHHHHHCCCCCCCCCCCCCCCCCCCCCCCCCHHHHHHHHHHCCCCCC
126,MKLETIDYRAADSAKRFVESLRETGFGVLSNHPIDKELVERIYTEWQAFFNSEAKNEFMF,CECCEEECCCCCHHHHHHHHHHHHCEEEEECCCCCHHHHHHHHHHHHHHHCCHHHHHHEC
126,KEYYHVYPWGRIPDSLRANILAYYEKANTLASELLEWIETYSPDEIKAKFSIPLPEMIANSHKTLLRILHY,CEEEEECCCCCCCHHHHHHHHHHHHHHHHHHHHHHHHHHHCCCHHHHCCCCCCHHHHHCCCCCCEEEEEEC
126,RAAAHEDINLITVLPTANEPGLQVKAKDGSWLDVPSDFGNIIINIGDMLQEASDGYFPSTSHRVINPEGTDKTKSRISLPLFLHPHPSVVLS,CEEEECCCCCEEEEECCCCCCEEEECCCCCEEECCCCCCCEEEEECHHHHHHCCCCCCCCCEEECCCCCCCCCCCCEECCEEECCCCCCCCC
126,RYEASFKPLNGGLEKTFRLQAQQYHALTVGDQGTLSYKGTRFVGFVS,CCEEEEEECCCCCCEEEECCHHHHCCCCCCCCEEEEEECCEEEEEEC
126,QEIRPMPADSAYGVVHISVCNLREEGKFTSGMSTQALLGMPVKVLQYNGWYEIQTPDDYTGWVHRMVITPMSKERYDEWNRAEKIVVTSHYGFAYEKPDESSQPVSDVVAGNRLKWEGSKGHFYQVSYPDGRKAYLSKSISQPEAGWRASLKQDVESIIETAYSMMGIPYLWAGTSSKGVD,CCECCCCHHHCEEEECCCEEEEECCCCCCCCEEEEEECCCEEEEEEECCEEEEECCCCCEEEEEHHHEEEECHHHHHHHHHCCEEEECCCEEEEECCCCCCCCEEEEEECCCEEEEEEEECCEEEEECCCCCEEEEECCCEEEHHHHHHHCCCCHHHHHHHHHCCCCCEECCCCEECCEEC
126,SGLVRTVLFMHDIIIPRDASQQAYVGEHIDIAPDFSNVKRGDLVFFGRKATAERKEGISHVGIYLGNKQFIHALGDVHVSSMNPADQNYDEFNTKRLLFAVRFLPYINKEKGMNTTNKNPFYQ,CHHHHHHHHCCCEECCCCHHHHCCCCEEECCCCCCCCCCCCCEEEEEECCCCCCCCEEEEEEEEEECCEEEEECCEEEEEECCCCCCCECHHHHCCEEEEEECHHHCCCECCEEECCCCCCCC
126,GERNYNKWAESYIKYNLSNLKIEKEDLTIYFDNLQVSGNACVSIRKGKQINSFEYIIKFEWLYSKKKEGKDYFGGSVEIPDFSTFSLEENDYAINIERTDESENLRFIYDSILKKEGKEKIKECLKNFQEDLLKHDKNESNKE,CCEECHHHHHHHHHHHHHCCCEECCCEEEEEEEEEEEEEEEEEEECCEEEEEEEEEEEEEEEEEECCCCEEEEEEEEEEEEEEHHHHHCCCCCCEEEECCCCHHHHHHHHHCCCCHHHHHHHHHHCCHHHHHHHHHHHHHHHC
126,INQYRRRLQQLSETDIAVWLYGAPGTGRMTGARYLHQFGRNAQGEFVYRELTPDNAPQLNDFIALAQGGTLVLSHPEHLTREQQYHLVQLQSQEHRPFRLIGIGDTSLVELAASNHIIAELYYCFAMTQIACLPL,CHHHHHHHHHHCCCCCCEEEECCCCCCHHHHHHHHHHCCCCCCCCCEEEECCCCCCCCHHHHHHHHCCCCEEEECHHHCCHHHHHHHHHHHHCCCCCCCEEEEECCCHHHHHHHCCCCHHHHHHHHHHEEECCCC
126,QNIQQTTEVPAKLGTKFGMRYQLSGKQEGDTPLTLLYLTPGVVTPDGQRHDKFEVVQKLVPGAPTDVMAYEFTEPHEVVKGEWRLMVFQGDRLLAEKSFDVR,CCEEECCEECCCCCCEEEEEECEECCCCCCCCEEEEEEEEEEECCCCCEEEEEEEEECCCCCCCCEEEEEECCCHHHCCCEEEEEEEEECCEEEEEEEEEEC
126,DEDATITYVDDDKGGAQVGDIVTVTGKTDDSTTYTVTIPDGYEYVGTDGGVVSSDGKTVTITFAADDSDNVVIHLKHG,CEEEEEEEEECCCCCEEEEEEEEEEECCCCEEEEECCCCCCEEEEEEECCEECCCCCEEEEECCCCCCCCEEEEEEEC
126,NTKVIAHRGYWKTEGSAQNSIRSLERASEIGAYGSEFDVHLTADNVLVVYHDNDIQGKHIQSCTYDELKDLQLSNGEKLPTLEQYLKRAKKLKNIRLIFELKSHDTPERNRDAARLSVQMVKRMKLAKRTDYISFNMDACKEFIRLCPKSEVSYLNGELSPMELKELGFTGLDYHYKVLQSHPDWVKDCKVLGMTSNVWTVDDPKLMEEMIDMGVDFITTDLPEETQKILHSR,CCEEEECCCCCCCCCCCCCCHHHHHHHHHCCCCEEEEEEEECCCCCEEECCCCEECCEEHHHCCHHHHCCCECCCCCECCEHHHHHHHHHHCCCCEEEEEECCCCCHHHHHHHHHHHHHHHHHCCCHHHEEEEECCHHHHHHHHHHCCCCCEEECCCCCCHHHHHHCCCCEEEEEHHHHHHCCCHHHHHHHCCCEEEEECCCCHHHHHHHHHHCCCEEEECCHHHHHHHHHHC
126,YQTVYFANQYGLRTIELGESEFVDNTLDNQHKMVIKAAWGGGYTNRNNVVINFKVDESLCDNLYFKDTDQPLVPMPASYYTLASDRIAIPKGQIMAGVEVQLTDDFFADEKSISENYVIPLLMTNVQGADSILQGKPVVENPVLTNAGDWSILPQNFVLYAVKYV,CCEEECCCCEEEEEECCCCCCCCCCHHHHCCEEEEEEEEECCCCCCCCEEEEEEECHHHHCCCECCCCCCECEECCHHHEEECCCEEEECCCCCEEEEEEEECHHHHHCHHHHCCCEEEEEEEEEEECCCEECCCEECCCCCCCCCHHHEEECCCCEEEEEEEEC
126,NPWHGEYLRRGIDHATVAGTSKDIIRHEQFVENDEVVNISTKSMKDNLLTLKTKDESGKDISYTVRLSFAEDGSCTVHSGSQNVVVSGSGKFVSKGEKNSLGGKDRNAIYLDYTVNLTDNNIQLATKDTLVLRTR,CCCCEEEEEEEEEEEEECCEEEEEEECCCCHHHCEEEEEEECCCCEEEEEEEEECCCCCEEEEEEEEEECCCCEEEEEECCCCCEEEEEEEEEEEEECCCHHHCCEEEEEEEEEEEECCCCEEEEEEEEEEEEEC
126,LSKSVPVKLELTGDKASNVSSISYSFDRGHVTIVGSQEAMDKIDSITVPVDISQVTEDTSKTLELKAEGVTVQPSTVKVNLKVTQK,CEEECCEEEEEECCCCCCEEEEEEEECCCCCEEEECHHHHHHCCCEEEEEECCCCCCCEEEEEECCCCCEEEECCEEEEEEEEEEC
126,TSAIDPVSFSLYAKDFTRFAQELGASFERYGFAVLSDYDLDQARIDAAVDSAKAFFALPVETKKQYAGVKGGARGYIP,CCCCCCEECHHHHHCHHHHHHHHHHHHHHHCEEEEECCCCCHHHHHHHHHHHHHHHCCCHHHHHHHECCHHHCCEEEC
126,EFWHMGRDLPPGHRFRAHMADNVWPAEIPAFKHDVSWLYNSLDGMGGKVLEAIATYLKLERDFFKPTVQDGNSVLRLLH,CEEEECCCCCCCCHHHHCCCCCCCCCCCCCHHHHHHHHHHHHHHHHHHHHHHHHHHCCCCCCCCHHHHCCCCCEEEEEC
126,AGAHGDINTITLLLGAEEGGLEVLDRDGQWLPINPPPGCLVINIGDMLERLTNNVLPSTVHRV,CCCECCCCCEEEEECCCCCCCEEECCCCCEEECCCCCCCEEEEECHHHHHHCCCCCCCCCEEC
126,YSTPFFLHFASDYEIKTLQNCVTAENPDRYPESI,CECCEEECCCCCCCCCCCHHHCCCCCCCCCCCCC
126,DAVMVFARQGDKGSVSVGDKHFRTQAFKVRLVNAAKSEISLKNSCLVAQSAAGQSFRLDTVDEELTADTLKPGASVEGDAIFASEDDAVYGASLVRLSDRCK,CCCEEEEEEEEEEEEEECCEEEEEEEEEEEEECCCCCCEECCCCEEEEEECCCCEEEEEEECHHHHCCEECCCCEEEEEEEEEECCCHHHHEEEEEEECCCC
126,MPTETFFNLPEEKRSRLIDVLLDEFAQNDYDSVSINRITERAGIAKGSFYQYFADKKDCYLYL,CCCHHHHCCCHHHHHHHHHHHHHHHHHCCHHHCCHHHHHHHHCCCCCHHHHCCCCHHHHHHHC
126,DMFAYLRWLLDVGIQFQFHNPRLAQIAYKALYDDVPLPAETMQVIRHGSFAYFKQLVEQGIADGSLVPDLDADTAAFVLNVVFTELGNHLIERFA,CHHHHHHHHHHHHHHHHHHCHHHHHHHHHCCCCCCCCCHHHHHHHHHHHHHHHHHHHHHHHHCCCECCCCCHHHHHHHHHHHHHHHHHHHHHHHC
126,VTDRIGQMILEMFRTGMCLFSVRSPGGVAELYGGEARKVEITGTSLTIEREDWHLHCKLETVETVVFDLSPKDNGGIRMAVVFRDKHQAPVLRAAWLPRLMPETPSPPEQFWAFTQRYIDLPMVVDARNRQLV,CHHHHHHHHHHHHHHCCEEEEEEECCEEEEECCCCCCEEEEECCEEEEEECCEEEEEEHHHCCEEEEEEEECCCCCEEEEEEEECCCCCEEEEEEECHHHCCCCCCHHHHHHHHHHCCCCCCCEEEEECHHHC
126,MLTYLEEQLEKHLGDYEVGLDWDRKNHTIEVIVRLYAENNEQVAIDDV,CHHHHHHHHHHHCCCCEEEEEEECCCCEEEEEEEEEEECCCCCCCCCC
126,EFIEFEDGLLFYNPQKSVVDDEEYLVTIPYEGKKGLRKAVLDGFIHYLKVVLDEGQSDLLDFLSDETAEVFELHWEPADFEAMIKKVAETEKEQWIAYPS,CEEEEEEEEEEECCCCCCCCHHHCCCEEECCHHHCEEHHHHHHHHHHHHHHHHHHHHHHHHHCCCCCCCCCCCCCCHHHHHHHHHHHHCCCCCCEECCCC
126,MKVGSQVIINTSHMKGMKGAEATVTGAYD,CCCCCEEEECCCCCHHHCCCEEEEEEEEC
126,TTVYMVDYTSTTSGEKVKNHKWVTEDELSAK,CCEEEEEEEECCCCEEEEEEEEEECCCEEEC
126,TTAYVVSYTPTNGGQRVDHHKWVIQEEIKDAGDKTLQPGDQVILEASHMKGMKGATAEIDSAEK,CCEEEEEECCCCCCCCEEEEEEEEHHHECCCCCCCCCCCCEEEECCCCCCCCCCCEEEEEEEEC
126,KELKVLVLCAGSGTSAQLANAINEGANLTEVRVIANSGAYGAHYDIMGVYDLIILAPQVRSYYREMKVDAERLGIQIVATRGMEYIHLTKSPSKALQFVLEHYQ,CCEEEEEEECCCCHHHHHHHHHHHHHHHHCCCEEEEEEECCCCCCCHHHCCEEEECHHHHHHHHHHHHHHCCCCCEEEECCHHHHHHHHCCHHHHHHHHHHCCC
126,LSKMLEKVAKESSVGTPRAINEDILDQGYTVEGNQLINHLSVRASHAERMRSNPDSVRSQLGDSVCSNTGYRQLLARGAILTYSFTEYKTNQPVATERFDAGSCR,CHHHHHHHHHHHHCCCCEECCCCEEEEEEEEECCEEEEEEEECHHHHHHHHHCHHHHHHHHHHHHHCCHHHHHHHCCCCEEEEEEEECCCCCEEEEEEECHHHHC
126,EINADFTKPVVIDTDQLEWRPSPMKGVERRMLDRIGGEVARATSIVRYAPGSRFSAHTHDGGEEFIVLDGVFQDEHGDYPAGTYVRNPPTTSHVPGSAEGCTIFVKLWQFDPADRTQFSKN,CECCCCCCCCCCCHHHCCCEECCCCCEEEEEEEEECCCCCEEEEEEEECCCEECCCEECCCCEEEEEEEEEEEECCEEEECCCEEEECCCCEECCEECCCEEEEEEECCCCCCCCCCEEEC
126,MEAELGAPVEGISTSLLHEDERETVTHRKLEPGANLTSEAAGGIEVLVLDGDVTVNDEVLGRNAWLRLPEGEALSATAGARGAKIWMKTGHLRFVRTPE,CCCCCCCCECCEEEEEEEECCCCEEEEEEECCCCEEEECCCCCEEEEEEEEEEEECCEEECCCCEEEECCCCCEEEEEEEEEEEEEEEECHHHHCCCCC
126,ASFRVVLDPGHGGIDGGARGVTGILEKDVTLAFARALRDELQKGSHTIVALTRDSDIFLRLSERVKKAQEFDADLFISIHADTIDVHSLRGATVYTISDEASDAIAKSLAESENKVDLLDGLPKE,CCEEEEEEECCECCECCCECCCCCEHHHHHHHHHHHHHHHHHHCCCEEEEECCCCCCCCCHHHHHHHHHHCCCCEEEEEECCCCCCCCCCCEEEEEECCCCCCHHHHHHHHHHHHHHHHHCCCCC
126,RRETHAFSINFANNVVSNLSKSHINLINNPHRYADFQVLKAPDVPSVLIEIGYLSNKEDEKLLNNPQWRKQMAASIAYSIRQFAEYR,CHHHHHHHHHHHHHHHHHHHHCCCCEEEEEEEEECCHHHCCCCCCEEEEECCCCCCHHHHHHHCCHHHHHHHHHHHHHHHHHHHHHC
126,NPTFHADKPIYSQISDWMKKQMITGEWKGEDKLPSVREMGVKLAVNPNTVSRAYQELERAGYIYAKRGMGSFVTSDKALF,CCCCCCCCCHHHHHHHHHHHHHHCCCCCCCCECCCHHHHHHHHCCCHHHHHHHHHHHHHCCCEEEECCCEEEECCCCCCC
126,DQLKKELADAITERFLEEAKSIGLDDQTAIELLIKRSRN,CHHHHHHHHHHHHHHHHHHHHCCCCHHHHHHHHHHHHCC
126,SEKRLELYLLDTIRRVYESYGFTPIETPAVERLEVLQAKGNQ,CHHHHHHHHHHHHHHHHHHCCCEECCCCCEECHHHHHHHHCC
126,RALKFDQTVPLAAYIARHLNDLTFPFARYQMDVVFRGE,CEECCCCHHHHHHHHHHHHHHCCCCEEEEECCEEECCC
126,FRQFRQCDIDVVGREKLSLLYDAQMPAIITEIFEAVNIGDFVIRINNRK,CCEEEEEEEEEECCCCCCHHHHHHHHHHHHHHHHHHCCCCEEEEEEECC
126,LGVSELETVITGVRNLGVPDKRFCIDLAIARGLNYYTGTVYETTLIGHEALGSICSGGRYEELVGTFIGEKMPGVGISIGLTRLISRLLKAGILNTLPP,CHHHHHHHHHHHHHHCCCCHHHEEECCCCCCCCCCEEEEEEEEEECCCHHHCCCCEEEEECCCCHHHCCCCCCEEEEEEEHHHHHHHHHHCCCCCCCCC
126,VLTGFFQSLNISETQIKSCISIIDNLEKIGEAKVKLELEKEGINPEQTQKIIDFVKIDGSVDDVLDKLKHLSQTLPESEQFN,CHHHHHHHCCCCHHHHHHHHHHHCCHHHHHHHHHHHHHHHCCCCHHHHHHHHHHHCCCCCHHHHHHHHHHHHHHCCCCCCCC
126,TPAQVVVVNMQDELMPTYLKVSQQLRQAGLNVITNFEKRQLGKQFQAADKQGIRFCVIIGADEAAAQKSSLKDLQSGEQVEVA,CCCCEEECCCCHHHHHHHHHHHHHHHHCCCCEEECCCCCCHHHHHHHHHHHCCCEEEECCHHHHHCCCCEEEECCCCEEEECC
126,VLPTARFTSDITEGFAPLSVRFKDFSENATSRLWMFGDGNTSD,CCCECCEECCCCECCCCCCCCCEECCECCCEEEECCCCCCCCC
126,TFFNEGEYIVSLIVSNENDSDSASVTIRA,CCCCCCEEEEEEEEECCCCEEEEEEEEEC
126,NPNEAYRHYMKKLSYETDIADLSIDIKKGYEGIIVVDVRDAEAYKECHIPTAISIPGNKINEDTTKRLSKEKVIITYCWGPACNGATKAAAKFAQLGFRVKELIGGIEYWRKENGEVEGTLGAKADLFWNMKKESLE,CHHHHHHHHHHHHCCEEEHHHHHHHHHCCCCCEEEEECCCHHHHHHCECCCCEECCHHHCCCCCCCCCCCCCEEEEECCCCCCCHHHHHHHHHHHCCCEEEEEECHHHHHHHCCCCCECCCHHHCCCCCCCCCCCCC
126,MKVAVLVGGVGRRIGMEKTEVMLCGKKLIEWVLEKYSPFQTVFVCRDEKQAEKLSSRYEAEFIWDLHKGVGSIAGIHAALRHFGSCVVAAIDMPFVKPEVLEHLYKEGEKAGCDALIPKHDYPEPLLAYYAESAADELERAILQGIRKILVPLERLNVVYYPVEKLRKFDKELISFFNINTPDDLKRAEEICSKM,CEEEEECCCCCCCCCCCHHHCEECCEEHHHHHHHHHCCCEEEEECCCHHHHHHHHCCCCCCEECCCCCCCCHHHHHHHHHHHHCCEEEEECCCCCCCHHHHHHHHHHHHHHCCCEEEEECCCECCCEEEECHHHHHHHHHHHHCCCCCCHHHHHCCCEEEEEHHHHCCCCCCCHHHCCCCCHHHHHHHHHHHHHC
126,GMSFEITEEYYVPPEVLFNAFTDAYTLTRLSRGSLAEVDLKVGGKFSLFSGSILGEFTEITKPHKIVEKWKFRDWNECDYSTVTVEFISVKENHTKLKLTHNNIPASNKYNEGGVLERCKNGWTQNFLHNIEVILGYPKK,CCCEEEEEEECCCHHHHHHHHHCHHHHHHHCCCCCCEECCCCCCEEEECCCCEEEEEEEEECCCEEEEEEEECCCCCCCCEEEEEEEEEEECCEEEEEEEEECCCCCCCCCCCCHHHHHHHHHHHCHHHHHHHCCCCCEC
126,DPMRDAIVDTAVELAAHTSWEAVRLYDIAARLAVSLDEIRLYFREKDELIDAW,CHHHHHHHHHHHHHHHHCCCCCCCHHHHHHHCCCCHHHHHHHCCCHHHHHHHC
126,FDRADSRMLKEAESAGFLDLVASERIHHLIMIWLDALAVQRKVTRQMIMSKLE,CHHHHHHHHHHCCCCCHHHCCHHHHHHHHHHHHHHHHHCCHHHHHHHHHHCCC
126,ALEESTLTTIYLMTFFFWMRDESENSRHTRQFLKRHLTMAAWL,CCCHHHHHHHHHHHHHHHHCCCCHHHHHHHHHHHHHHHHHHHC
126,GAIIKNVKVPDNYEIKHLIGRGSYGYVYLAYDKNANKNVAIKKVNRMFEDLIDCKRILREITILNRLKSDYIIRLHDLIIPEDLLKFDELYIVLEIADSDLKKLFKTPIFLTEQHVKTILYNLLLGEKFIHESGIIHRDLKPANCLLNQDCSVKICDFGLARTIN,CCCCCCCCCCCCEEEEEEEEECCCEEEEEEEECCCCEEEEEEEECCCCCCHHHHHHHHHHHHHHHCCCCCCECCEEEECCCCCCCCCCCEEEEEECCCEEHHHHHHCCCCCCHHHHHHHHHHHHHHHHHHHHCCEECCCCCHHHEEECCCCCEEECCHHHCEECC
126,TSHVVTRWYRAPELILLQENYTNSIDIWSTGCIFAELLNMMKSHINNPTNRFPLFPGSSCF,CCCCCCCCCCCHHHHCCCCCCCCHHHHHHHHHHHHHHHCCCCCCCCCHHHCCCCCCCCCCC
126,EKSNRDQLNIIFNVIGTPPEEDLKCITKQEVIKYIKLFPTRDGIDLSKKYSSISKEGIDLLESMLRFNAQKRITIDKALSHPYLKDVRKENL,CHHHHHHHHHHHHHHECCCHHHHCCCCCHHHHHHHHCCCCCECCCHHHHCCCCCHHHHHHHHHHCCCCCCCCCCHHHHHCCHHHCCCCCCCC
126,TEKIILPFDDWMVLSETQLRYIFLKEIQSFHADLIIPAKLN,CCCCCCCCCCCCCCCHHHHHHHHHHHHHHHCCCCCCCHHHC
126,KSKFEASIDNLKEIEMNAYAYGLIREIVLPDMLGQDYSSMMYWAGKHLARKFPLESWEEFPAFFEEAGWGTLTNVSA,CCHHHHHHHHHCCCCCCHHHHHHHHCCHHHHHHHHHHHHHHHHHHHHHHHHCCCCCHHHHHHHHHHCCCCEEEECCC
126,EFELEGPIISNRLKHQKEPCFQLEAGFIAEQIQLMND,CEEEECHHHHHHHHHCCCCCCHHHHHHHHHHHHHHCC
126,LSEKLLEDYKTESSFFFASPTRTILAEGEFTTVKHHEIESFPELVQAVLRNAKQAGNPNPIVVGALPFDRRKEVQLIVPEYSRISERLQL,CHHHHHHCCCCCEEEEEEECCEEEEEECCCEEEEECCHHHHHHHHHHHHHHHHHCCCCCCEEEEEECCCCCCCEEEEECCEEEEECCCCC
126,FEMTPVPDHEVYMKGVKQGIEKIKDGDLKKIVLSRSLDVKSSGKIDKQKLLRELAEHNKHGYTFAVNLPK,CEEEEECCHHHHHHHHHHHHHHHHCCCCCEEEEEEEEEEECCCCCCHHHHHHHHHHCCCCCEEEEEEECC
126,ENSKTLIGASPELLVSRHGMQVISNPLAGSRPRSDDPVEDKRRAEELLSSPKDLHEHAVVVEAVAAALRPYCHTLYVPEKPSVIHSEAMWHLSTEVKGELKNPNTSSLELAIALHPTPAVCGTPMEEAREAIQKIEPFDREFFTGMLGWSDLNGDGEWIVTIRCAEVQENTLRLYAGAGVVAESKPEDELAETSAKFQTMLKALGLN,CCCEEEEEEECCEEEEEECCEEEECCEEEEEECCCCHHHHHHHHHHHHCCHHHHHHHHHHHHHHHHHHHHHEEEEECCCCCEEEECCCEEEEECCEEEEECCCCCCHHHHHHHHCCCCCCCEECHHHHHHHHHHHCCCCCCCCCCEEEEEECCCCEEEEECCCEEEEECCEEEEEEEEEECCCCCHHHHHHHHHHHHHHHHHHCCCC
126,GIGSWVLHMESGRLEWSQAVHDIFGTDSATFDATEDAYFQRVHPDDRARVRRELDRHVL,CCCCEEEECCCCEEEECHHHHHHHCCCCCCCCCEHHHHHHHCCCCCHHHHHHHHHHHHC
126,GDRPFDVEYRIVRPDGQVRELLERNHIQRQASGQVDHLWGTVIDMTE,CCCCEEEEEEEECCCCCEEEEEEEEEEEECCCCCEEEEEEEEEECCC
126,SNAMERHQHLLSEYQQILTLSEQMLVLATEGNWDALVDLEMTYLKAVESTANITI,CHHHHHHHHHHHHHHHHHHHHHHHHHHHHCCCCHHHHHHHHHHHHHHHHHHHHHC
126,VSMIFLQYGQIDVIDGAFVLIDKTGIRTHIPVGSVACIMLEPGTRVSHAAVRLAAQVGTLLVWVGEAGVRVYASGQPGGARSDKLLYQAKLALDEDLRLKVVRKMFELRFGEPAPARRSVEQLRGIEGSRVRATYALLAKQYGVTWNGRR,CCEEEECCEEEEEECCEEEEEECCCCEEECCHHHCCEEEECCCEEECHHHHHHHHHCCCEEEEECHHHCCEEEECCCCCCCHHHHHHHHHHHHCHHHHHHHHHHHHHHHHCCCCCCCCCHHHHHHHHHHCHHHHHHHHHHHHCCCCCCCC
126,EKGDTINQCISAATSCLYGVTEAAILAAGYAPAIGFVHTGKPLSFVYDIADIIKFDTVVPKAFEIARRNPGEPDREVRLACRDIFRSSKTLAKLIPLIEDVLAAGEIQPP,CCCCHHHHHHHHHHCCHHHHHHHHHHHHCCCCCCCCCCCCCCCHHHHHHHHHHHHHCHHHHHHHHHHHCCCCCHHHHHHHHHHHHHCHHHHHCHHHHHHHHHHCCCCCCC
126,MIRINEIKLPLDHEEGALLDAITKKLGIPAEKVISFNVFRRGYDAR,CEEEEEEEEECCCCCCHHHHHHHHHHCCCHHHEEEEEEEEEEECCC
126,IHLIYTLDIIVEGDETALLAKFANDPHVRQTPDM,CEEEEEEEEEECCCHHHHHHCCCCCCCEEECCCC
126,EYKFVAKAPENLTERPIVIGFGPCGLFAGLVLAQMGFNPIIVERGKEVRERTKDTFGFWRKRTLNPESNVQFGEGGAGTFSDGKLYSQVKDPNFYGRKVITEFVEAGAPEEILYVSKPHIGTFKLVTMIEKMRATIIELGGEIRFSTRVDDLHMEDGQITGVTLSNGEEIKSRHVVLAVGHSARDTFEMLHERGVYM,CCCCCCCCCCCCCCCCEEECCCHHHHHHHHHHHHCCCCCEEECCCCCHHHHHHHHHHHHHHCCCCCCCCCCCCCCHHHCCCCCCCCCCCCCCCCHHHHHHHHHHHCCCCHHHHCCCCCCCCHHHHHHHHHHHHHHHHHCCCEEECCCCEEEEEECCCEEEEEEECCCCEEECCCEEECCCCCCHHHHHHHHHCCCCC
126,IKRGKDFQSVNLKGFYPAGEGAGYAGGILSAGIDGIKVAEAVARDIVAAMEN,CCCCCCCCCCCCECEEECHHHHCCCCCHHHHHHHHHHHHHHHHHHHHHHHCC
126,EAKPFSVGFRIEHKQSMIDEARFGPNAGHPILGAADYKLVHHCKNGRTVYSFCMCPGGTVVAATSEEGRVVTNGMSQYSRAERNANSAIVVGISPEVDYPGDPLAGIRFQRELESNAYKLGGENYDAPAQKIGDFLKGRDPSQLGDVEPSFTPGIKLTDLSKALPPFAVEAIREAIPAFDRKIKGFASEDGLLTGVETRTSSPVC,CECCEEEEEEEEEEHHHHHHHHCCCCCCCCCCCCCCCCCEEECCCCCEEEEEEEEEEEEEEECCCCCCCCCEEEECCCCCCCCEEEEEEEEEECECCCECCCCCHHHHHHHHHHHHHHHHCCCCCCEEEEEHHHHHHCCCCCCCCCCCCCCCCCEEECCHHHCCCHHHHHHHHHHHHHHHCCCCCCCCCCCEEEEEECCCCCCEC
126,RGSLRDLQYALQEKIEELRQRDALIDELELELDQKDELIQMLQNELDKY,CCHHHHHHHHHHHHHHHHHHHHHHHHHHHHHHHHHHHHHHHHHHHHHHC
126,LEGSYIFCMNPLLDKLSDEDIREQLKAFVTGKTDSIRTDTELSFDIYVSETDYALIRYADSLCERLNDAGADVQIKQYSGTMLRSRAVSGKYEAFLSESDLVSTDALENADYIILDSAEM,CCCEEEEEECCCCHHHCCHHHHHHHHHHHCCCCCCCCCCCCCEEEEEEECCCHHHHHHHHHHHHHHHHCCCEEEEEEECHHHHHHHHHHCCCCEEEEECCCCCHHHHHCCEEEEEEHHHC
126,VSGFQRLQKPVVSQPDFRRQPVSETMQVYLKQAADPGRDVGLYWMATDFENRRFPGKVSPSGFQKLYRQWRNQTGWDAYVQSCRAIWND,CCHHHHHCCCCCCCHHHHHCCCCHHHHHHHCCCCCHHHHHHHHHHHHCCCCCCCCCCCCHHHHHHHHHHHCCCCCHHHHHHHHHHHHCC
126,VKYFPIPQSLDDTEDKISYVDSWMFERNYGGKRGHEGTDIMAEKNTPGYYPVVSMTDGVVTEKGWLEKGGWRIGITAPTGAYFYYAHLDSYAELEKGDPVKAGDLLGYMGDSGYGEEGTTGEFPVHLHLGIYLKEGTEEISVNPYPVLRYAENARIKCVYS,CCCCCCCEECCCCCCCEECCCCHHHHHCCCCCCCCCCEEEEECCCCCCCCEEECCCCEEEEEEEEECCCEEEEEEECCCCCEEEEEEECEECCCCCCCEECCCCEEEECECCCCCCCCCCCCCCCEEEEEEEEEECCEEEEECCHHHHHHCCCCCCEECCC
126,TLDEFLKLPETEPASEYIEGKIIQKPMPQGKHSAIQSECVSVINSVVKPQRIARAFLELRCTFGDHSTVPDISVFIWSRIPREENGEIANIFLIAPDWTIEILSPDQSQTKVTKNILHCLKHGTQMGWLIDPDEQTVFVYRPQQETEVFDEPDALVPVPSFASELHLSIKDLFSWL,CHHHHCCCCCCCCCEEEECCEEEECCCCCHHHHHHHHHHHHHHHHHHCCCCCEEEEECCCEEECCEEECCCEEEEEHHHCCECCCCCECCCCCCCCCEEEEECCCCCCHHHHHHHHHHHHHCCCCEEEEEECCCCEEEEECCCCCCEEECCCCCECCCCHHHCCCCCEHHHHHCCC
126,MKTRDKILLSSLELFNDKGERNITTNHIAAHLAISPGNLYYHFRNKSDIIYEI,CCHHHHHHHHHHHHHHHHCHHHCCHHHHHHHHCCCHHHHHHHCCCHHHHHHHC
126,FQEYEKLVDYYLDIPEDRPITLEDMTFYLESVFDGLWSYRFFHRDLEYLLDSDPRLRQDYREFTNRCLAAINRIFAKLADAGIIQPQPEDLRSAMSLNVWLVITNWMAFLKTAH,CHHHHHHHHHHCCCCCCCCCCHHHHHHHHHHHHHHHHHCHHHHHCHHHHHHHCHHHHHHHHHHHHHHHHHHHHHHHHHHHCCCECCCCHHHHHHHHHHHHHHHHCHHHHHHHHC
126,LTELKQGIYQVLTLEVPYLTPEYRERVLALREKYR,CCCHHHHHHHHHHHHHHHECHHHHHHHHHHHHCCC
126,HTGGIMISSTGEVRVDNGSFHSDVDVS,CCCEEEECCCCEEEEEECCEEEEEEEC
126,GFLRARGTIISKSPKDQRLQYKFTWYDINGATVEDEGVSWKSLKLHGKQQMQVTALSPNATAVRCELYVREAI,CCEEEEEEEEECCCCCEEEEEEEEEECCCCCECCCCCCCCEEEEECCCCEEEEEEECCCCCCCEEEEEEECCC
126,QYVLTLSCPDRAGIVSAVSTFLFENGQNILDAQQYNDTESGHFFMRVVFNAAAKVIPLASLRTGFGVIAAKFTMGWHMRDRETRRKVMLLVSQSDHCLADILYRWRVGDLHMIPTAIVSNHPRETF,CEEEEEEEECCCCHHHHHHHHHHHCCEEEEEEEEEEECCCCEEEEEEEEEECCCCCCHHHHHHHHHHHHHHCCCEEEEEECCCCEEEEEEECCCCHHHHHHHHHHHCCCCCEEEEEEEECCCHHHC
126,DIPFYHFPVNKDTRRQQEAAITALIAQTHTDLVVLARYMQILSDEMSARLAGRCINIHHSFLPGFKGAKPYHQAFDRGVKLIGATAHYVTSALDEGPIIDQDVERISHRDTPADLVRKGRDIERRVLSRALHYHLDDRVILNGRKTVVF,CCCEEECCCCCCCHHHHHHHHHHHHHHHCCCEEEECCCCCCCCHHHHHHCCCCEEEEEEECCCCCCCCCHHHHHHHHCCCEEEEEEEECCCCCCCCCEEEEEEEECCCCCCHHHHHHHHHHHHHHHHHHHHHHHHCCCEEEECCEEEEC
126,KHLYFESDAATVNEIVLKVNYILESR,CEEEEECCHHHHHHHHHHHHHHHHHC
126,SAKFMECLQYAAFKHRQQRRKDPQETPYVNHVINVSTILSVEACITDEGVLMAALLHDVVEDTDASFEDVEKLFGPDVCGLVREVTDDKSLEKQERKRLQIENAAKSSCRAKLIKLADKLDNLRDLQVNTPTGWTQERRDQYFVWAKKVVDNLRGTNANLELKLDEIFRQRGLL,CHHHHHHHHHHHHHCCCCECCCCCCCECHHHHHHHHHHHHCCCCCCCHHHHHHHHCCCHHHHCCCCHHHHHHHHCHHHHHHHHHCCCCCCCCHHHHHHHHHHCCCCCCHHHHHHHHHHHHHHHHHHHHCCCCCCCHHHHHHHHHHHHHHHHHHCCCCHHHHHHHHHHHHHHCCC
126,NKLDYIPEPMDLSLVDLPESLIQLSERIAENVHEVWAKARIDEGWTYGEKRDDIHKKHPCLVPYDELPEEEKEYDRNTAMNTIKMVKKLGFRIEKED,CCCCCCCCCCCCCCCCCCHHHHCCHHHHHHHHHHHHHHHHHCCCCECCCCCECCCCECCCCCCHHHCCHHHHHHHHHHHHHHHHHHHHCCCCCCCCC
126,ATAQINMLANKLMLKSSTAYTQKFGIGMTEWRIISVLSSASDCSVQKISDILGLDKAAVSRTVKKLEEKKYIEVNGHSEDKRTYAINLTEMGQELYEVASDFAIEREKQLLEEFEEAEKDQLFILLKKLRNKVDQM,CHHHHHHHHHHHHHHHHHHHHHHHCCCHHHHHHHHHHHHCCCECHHHHHHHHCCCHHHHHHHHHHHHHCCCEEEECCCCCCCCCEEEECHHHHHHHHHHHHHHHHHHHHHCCCCCHHHHHHHHHHHHHHHHHHHCC
126,QVIFDKNVIEFVTVAAEFCAFLERAESMKRSTFVDTTLKILPLLYLKASMLPKCEMIGDESPETYVTEEIYEVLRINLASILAEKDDYLE,CHHHCHHHHHHHHHHHHHHHHHHCHHHCCHHHHHHHHHHHHHHHHHHHHCCCCCCCCCCCCCCCCCCHHHHHHHHHHHHHHHHHHCEEEC
126,IKKNISEDLADIYQDIKDFIFVFQLGLNETMNDSLAICQENFGLLWGQKLVNTMRALHDVKYSPKARL,CEEEHHHHHHHHHHHHHHHHHHHHCCCHHHHHHHHHHHHHHHHHCHHHHHHHHHHHHHHHHHCCCCCC
126,LSPREARDRYLAHRQTDAADASIKSFRYRLKHFVEWAEERDITAMRELTGWKLDEYETFRRGSDVSPATLNGEMQTLKNWLEYLARIDVVDEDLPEKVHVP,CCHHHHHHHHHHHHCCCCCHHHHHHHHHHHHHHHHHHHHCCCCCHHHCCHHHHHHHHHHHHCCCCCHHHHHHHHHHHHHHHHHHHHCCCCCCCCHHHCCCC
126,DMISVFIGTWNMGSVPPPKNVTSWFTSKGLGKTLDEVTVTIPHDIYVFGTQENSVGDREWLDLLRGGLKELTDLDYRPIAMQSLWNIKVAVLVKPEHENRISHVSTSSVKT,CEEEEEEEEECCCCCCCCCCCHHHHCCCCEEECCCCCCCCCCCCEEEEEECCCCCCHHHHHHHHHHHHHHHHCCCCEEEEEEEECCEEEEEEECHHHHHHEEEEEEEEEEC
126,KGAVGVSFMFNGTSFGFVNCHLTSGNEKTARRNQNYLDILRLL,CEEEEEEEEECCEEEEEEEEECCCCCCCHHHHHHHHHHHHHHC
126,RFTHLFWFGDLNYRLDMDIQEILNYISRKEFEPLLRVDQLNLEREKHKVFLRFSEEEISFPPTYRYERGSRDTYAWHK,CCCEEEEEEECCCCECCCHHHHHHHHHCCCCHHHHCCEHHHHHHHCCCCCCCCECCCCCCCCCECECCCCCCCECCCC
126,TNVPSWCDRILWKSYPETHIICNSYGCTDDIVTSDHSPVFGTFEVGVTS,CCCCECCEEEEEECCCCCCEEEEEEEECCCCCCCCECCEEEEEEEECCC
126,PNPISIPIDLSQAGSVVEKEVKIEESWSYHLILQFAVHDRKEDGGLDGKRVWKFLGFNSYDPRDGKQVGYVDYRLAKSELGDLIDETYDCDGTVVPIKITIHQINQDNTKKLIADNLYMTKGNGSGAYTRDITTISLDKGKYIFRIENIEAFSEMIGRKVDFTIYINKR,CCCEEEEECCCCCCEEEEEEEEECCCEEEEEEEEECCCCCCCCCCHHHHHHHHHHCCCEECCCCCCEEECCCHHHHHHHHHHHCCCCCCCCCCCEEEEEEEEEECCCCCEEEEEEEEEEECCCCCCCCEEEEEEEEECCEEEEEEEEECCCCHHHCCCCEEEEEEECCC
126,KKKVLIYGAGSAGLQLANMLRQGKEFHPIAFIDDDRKKHKTTMQGITIYRPKYLERLIKKHCISTVLLAVPSASQVQKKVIIESLAKLHVEVLTIPNLDDLVNGKLSIGQLKEVSIDDLLGR,CEEEEEECCCHHHHHHHHHHHHCCCEEEEEEECCCHHHCCCEECCEEEECHHHHHHHHHHHCCCEEEECCCCCCHHHHHHHHHHHHCCCCEEEECCCHHHHHCCCCCCCCCEECCHHHHHCC
126,YLELNEIESIIKDINTKAQKMHSGIHKRFYLFVALMTEFQALNGMRIGEMLAIQNEDIDFDNKSLNINGTIHWFHDESGGFGVKDTTKTESSYRTIGLSSRSCEILKKAILENKKDSKWNDGYLNRNFVFTNHKGNPMQTERFNKILREAAKDVGIDKEVSSHILRHSHISLLSQQGVSLKAIMDRV,CCCHHHHHHHHHHHHHHHHCCCCHHHHHHHHHHHHHHHHHHHHCCCHHHHHCCEHHHEECCCCEEEECCEEEEEECCCCCEEEEECCCCCCCCEEEECCHHHHHHHHHHHHHHHHHHHHCCCCCCCCECCECCCCCECCHHHHHHHHHHHHHHCCCCCCCCHHHHHHHHHHHHHHCCCCHHHHHHHC
126,REGTLFYDTETGRYDIRFDLESFYGGLHCGECFDVKVKDVWVPVRIEMGDDWYLVGLNVSRLDGLRVRM,CEEEEEEECCCCEEEEEEECCEECCCCCCCCEEEEEECCEEEEEEEEECCCEEEECCCCCCCCCCEEEC
126,EPKPGDLIEIFRPFYRHWAIYVGDGYVVHLAP,CCCCCCEEEEEECCEEEEEEEEECCEEEEEEC
126,KAIVKKELLYDVAGSDKYQVNNKHDDKYSPLPCSKIIQRAEELVGQEVLYKLTSENCEHFVNELRYG,CCEEEEEEHHHHHCCCEEEECCCCCCCCCCCCHHHHHHHHHHCCCCECCCCCCHHHHHHHHHHHHHC
126,EVRLPIGPLVNNPLNMVHGGITATLLDTAMGQMVNRQLPDGQSAVTSELNIHYVKPGMGTYLRAVASIVHQGKQRIVVEGKVYTDQGETVAMGTGSFFV,CEEEECCCCCECCCCCECHHHHHHHHHHHHHHHHHHCCCCCCCCEEEEEEEEECCCCCCCEEEEEEEEEEECCCEEEEEEEEECCCCCEEEEEEEEEEC
126,LKKILIIDQQDFSRIELKNFLDSEYLVIESKNEKEALEQIDHHHPDLVILDMDI,CCEEEEECCCHHHHHHHHHHHCCCCEEEEECCHHHHHHHHHHHCCCEEEEECCC
126,LHSGADDYLTKPFNRNDLLSRIEIHLRTQNYY,CCCCCCEEECCCCCHHHHHHHHHHHHHHHHHC
126,NELLEKAKKIKCLICDVDGVLSDGLLHIDNHGNELKSFHVQDGMGLKLLMAAGIQVAIITTAQNAVVDHRMEQLGITHYYKGQVDKRSAYQHLKKTLGLNDDEFAYIGDDLPDLPLIQQVGLGVAVSNAVPQVLEFADWRTERTGGRGAVRELCDLILNAQ,CHHHHHHHCCCEEEECCCCCCECCCCEECCCCCEECCECHHHHHHHHHHHHCCCEEEEECCCCCHHHHHHHHHHCCCEEECCCCCCHHHHHHHHHHHCCCHHHEEEEECCHHHHHHHHHCCEEEECCCCCHHHHHHCCEECCCCCCCCHHHHHHHHHHHHC
126,DSASQAEQFLKLVHADKLTVPVYAQVQQMLAQRFAQAKAPESKKAVLERYQAKANAELDRAIGWDKIKPELIKLYTTNFTESELKDLNAFYQSPLGKKVLEKMPRLTAESAQLTQAKLQGAVEPVNKLMADMDKE,CCHHHHHHHHHHCCHHHHHHHHHHHHHHHHHHHHHHCCCCHHHHHHHHHHHHHHHHHHHHHHCHHHHHHHHHHHHHCCCCHHHHHHHHHHHHCHHHHHHHHHHHHHHHHHHHHHHHHHCCCHHHHHHHHHHHHHC
126,MKKKPFSILFMGIEDYATKGQKGRSDSLIVVTLDPKNKTMKMLSIPRDTRV,CCCCCEEEEEEECCCCCCCCCCCCCCEEEEEEEEHHHCEEEEEEECCCEEC
126,KINAAYSKGGKDETVETVENFLQIPIDKYVTVDFDGFKDVINEVGGIDV,CECCCCCCCCHHHHHHHHHHHHCCCCCEEEEECHHHHHHHHHHHCCCCC
126,DKIAEKASENVETNIRITEGLALQQIYSGFTSKKIDTLSITGSDLYLGPNNTYYFEPDATNLEKVRKTLQEHLDYT,CCHHHHHHCCCEECCCHHHHHHHHHHCCCCCCCCCEECCCCEEEEEECCCCEEEEEECHHHHHHHHHHHHHHHCCC
126,AMETLNDIKKILINVGLYQGFDLTDPKVSEEVNHETANMKWIKDYTSDGNWDNEFKEDLKNFLDYMEVCQLALNDKNFKIASNSLFMAMIYAGNLSLIFDSIKTDISTLLSAEYKKNSFSWPSL,CCCCHHHHHHHHHHHHHHCCCCCCCHHHHCCEECCCCEECCCCCCCCCCCHHHHHHHHHHHHHHHHHHHHHHHHCCCHHHHHHHHHHHHHHHHHHHHHHHHHHHHHHHHHHCCCCCCCCCCCCC
126,LAIITGASQGIGAVIAAGLATDGYRVVLIARSKQNLEKVHDEIMRSNKHVQEPIVLPLDITDCTKADTEIKDIHQKYGAVDILVNAAAMFMDGSLSEPVDNFRKIMEINVIAQYGILKTVTEIMKVQKNGYIFNVAS,CEEEECCCCHHHHHHHHHHHHHCCCEEEEECCHHHHHHHHHHHHHHCCCCCCCEEEECCCCCHHHHHHHHHHHHHHHCCCCEEEECCCCCCCCCCCCHHHHHHHHHHHHCHHHHHHHHHHHHHHHHHCCEEEEEECC
126,IYGSTKFALLGLAESLYRELAPLGIRVTTLCPGWVNTDMA,CHHHHHHHHHHHHHHHHHHHHHHCEEEEEEEECCECCCCC
126,MIQPDDLLNTIRCLLNLSENVCIKDIVFEM,CECHHHHHHHHHHHHCCCCCCCCCEEEECC
126,HHSHMLPPEQWSHTTVRNALKDLLKDMNQSSLAKECPLSQSMISSIVNSTYYANVSAAKCQEFGRWYKHFKKT,CHHHCCCHHHCCHHHHHHHHHHHCCCCCHHHHHCCCCCCHHHHHHHHHCCCCCCCCHHHHHHHHHHHHHHHHC
126,AARPDGENPSAHETLAEGGRLRPEATYTIPARQGRAIRMAQGEALMVINRDGSQIGDFWAFVEGDCGEYLSMEHLRPTLRRVSPRPGDVLVSNRRRPILTLLEDSSPGVHDTLVASCDVHRYAQLGHEGYHDNCTDNLRMALGALGLRPTTVPCPLNLWMNTPVVEGGAMEWRPPVSRRGDHVLFRAELDVVVVISCCPMDLLPINGEEAQPRALDVRLRP,CCCCCCCCHHHCCCCCHHHCCCCCCCEEECCCCEEEEEECCCCEEEEECCCCCCCEEEEEEECCEEEEEECHHHHHHHHCCCCCCCCCEEEECCCCEEEEEEEECCCCCCECCCCCCCHHHHHHCCCCCCCCCHHHHHHHHHHCCCCCCCCCCCCEEECCCCCECCCCCECCCCCCCCCCCEEEEEECCCEEEEEEECCCCCCCECCECCCCCCEEEEEEC
126,DTFERTGPLMEASSYPAWAQQLINDCSPAKARVVEHELYQQMRDAKLSPQIMRQYLIGGWPVVEQFAVYMAKNLTKTRFGRHPGEDMARRWLMRNIRVELNHADYWVNWCAAHDVTLEDLHDQRVAPELHALSHWCWQTSSSDSLAVAMAATNYAIEGATGEWSAVVCSTGVYAEAFAEETRKKSMKWLKMHAQYDDAHPWEALEIICTLVGNKPSLQLQAELRQAVTKSYDYMYLFLERCIQL,CCCCCCCCCCCHHHCCHHHHHHHHHHHHHHHHHHCCHHHHHHHCCCCCHHHHHHHHHHHHHHHHHHHHHHHHHHCCCCCCCCHHHHHHHHHHHHHHHHCCCHHHHHHHHHHCCCCCHHHHHHCCCCHHHHHHHHHHHHHHHHCCHHHHHHHCCCHHHHHHHHHHHHHHCCCHHHHCCCHHHHHHHHHHHHHHHCCCCCHHHHHHHHHHHHHCCCCCHHHHHHHHHHHHHHHHHHHHHHHHHHHC
126,ARYIAIDWGSTNLRAWLYQGEECLESRQSEAGVTRLNGRSPAAVLAEITQHWRDGATPVVMAGMVGSNVGWKIAPYLPLPAAFSDIGQQLTAVGDNIWIIPGLCVSRDDNHNVMRGEETQLLGARAL,CEEEEEEECCCCEEEEEEECCEEEEEEEECCCCCCCCCCCHHHHHHHHCCCCCCCCCCEEEEEHHHCCCCCCCCCCEECCCCHHHHHHCCEEEECCEEECCCEEEEECCEEEEECCHHHHHHHHHHC
126,APSSVYVMPGTHCKWVLADRRQIHDFRTVLTGELHHLLLQLSLVGAGLPPQETSAAAFAAGLQRGINNPAVLPQLFEVRASHVLGALPREQVSEFLSGLLIGAEVATLSDTFAGQQAISLVAGSSLTSRYQQAFAAIGREVSAVAG,CCCCEEEECCCCEEEEEECCCCEEEEEEECHHHHHHHHHHCCHHHCCCCCCCCCHHHHHHHHHHHHCCCCCHHHHHHHHHHHHCCCCCHHHHHHHHHHHHHHHHHHHHCCCCCCCCCEEEEECHHHHHHHHHHHHHCCCCEEEEEC
126,SSYPIGAPIPWPSDSVPAGFALMEGQTFDKSAYPKLAVAYPSGVIPDMR,CCCCCCCCEEECCCCCCCCEEECECCECCCCCCHHHHHHCCCCECCECC
126,GQTIKGKPSGRAVLSAEADGVKAHSHSASASSTDLGTKTTSSFDYGTKGTNSTGGHTHSGSGSTSTNGEHSHYIEAWNGTGVGGNKMSSYAISYRAGGSNTNAAGNHSHTFSFGTSSAGDHSHSVGIGAHTHTVAIGSHGHTITVNSTGNTENTVKNIA,CCCCCCCCCCCCCCCCCCCCCCCCCCCCCCCCCCCCCCCCCCCCCCCCCCCCCCCCCCCCCCCCCCCCCCCCCCCEECCCCCCCCCEECCCCCCCCCCCCCCCCCCCCCCCCCCCCCCCCCCCCCCCCCCCCCCCCCCCCCCCCCCCCCCCCCCCCCCC
1,APAFSVSPASGASDGQSVSVSVAAAGETYYIAQCAPVGGQDACNPATATSFTTDASGAASFSFTVRKSYAGQTPSGTPVGSVDCATDACNLGAGNSGLNLGHVALTFG , CCEEEEECCCCCCCCCEEEEEEECCCCEEEEEEECEECCEECCCCCCCCEEECCCCCCCEEEEECCCEEEEECCCCCEEEEEECCCCCCEEEEECCCCCCCCCCCCCC
2,CSVDIQGNDQMQFNTNAITVDKSCKQFTVNLSHPGNLPKNVMGHNWVLSTAADMQGVVTDGMASGLDKDYLKPDDSRVIAHTKLIGSGEKDSVTFDVSKLKEGEQYMFFCTFPGHSALMKGTLTLK , CCEEEECCCCCCCCCCCEECCCCCCEEEEEEECCCCCCCCCCCECCEEEECCCCHHHHHHHHHHCHHHHCCCCCCCCCCECCCCECCCCCEEEEEECCCCCCCCCEEEECCCCCCCCCCEEEEECC
3,NVYHDGACPEVKPVDNFDWSNYHGKWWEVAKYPNSVEKYGKCGWAEYTPEGKSVKVSNYHVIHGKEYFIEGTAYPVGDSKIGKIYHKLTYGGVTKENVFNVLSTDNKNYIIGYYCKYDEDKKGHQDFVWVLSRSKVLTGEAKTAVENYLIGSPVVDSQKLVYSDFSEAACKVN , CEEEECCCCCCCCCCCCCHHHCCEEEEEEEECCCCCCCCCEEEEEEEEECCCCEEEEEEEEECCEEEEEEEEEEECCCCCCCEEEEEEEECCEEEEEEEEEEEECCCCEEEEEEEEEECCCCEEEEEEEEEECCCCCCHHHHHHHHHHHHHCCCCCHHHCEECCCCHHHHCCC
4,AAPCFCSGKPGRGDLWILRGTCPGGYGYTSNCYKWPNICCYPH , CCCCCCCCCCCCCEEECCCCCCCCCCCCCCEEEECCEEEECCC
5,SISQQTVWNQMATVRTPLNFDSSKQSFCQFSVDLLGGGISVDKTGDWITLVQNSPISNLLRVAAWKKGCLMVKVVMSGNAAVKRSDWASLVQVFLTNSNSTEHFDACRWTKSEPHSWELIFPIEVCGPNNGFEMWSSEWANQTSWHLSFLVDNPKQSTTFDVLLGISQNFEIAGNTLMPAFSVPQ , CCCCCCCCEEEEEEECCCCCCCCCCCEEEEEEECCCCEEECCCCCCCEEEECCCHHHHHHHHECCEEEEEEEEEEEECCCCCCHHHCCCCEEEEEECCCCCCCCCCEEEEECCCCEEEEEEEEEECCCCCCCECCCCCCCCCCCCEEEEEEECCCCCCEEEEEEEECCCCEECCEEECCCEECCC
6,METNLFKLSLDDVETPKGSMLDLKISQSKIALPKNTVGGTILRSDLLANFLTEGNFRASVDLQRTHRIKGMIKMVATVGIPENTGIALACAMNSSIRGRASSDIYTICSQDCELWNPACTKAMTMSFNPNPCSDAWSLEFLKRTGFHCDIICVTGWTATPMQDVQVTIDWFISSQECVPRTYCVLNPQNPFVLNRWMGKLTFPQGTSRSVKRMPLSIGGGAGAKSAILMNMPNAVLSMWRYFVGDLVFEVSKMTSPYIKCTVSFFIAFGNLADDTINFEAFPHKLVQFGEIQEKVVLKFSQEEFLTAWSTQVRPATTLLADGCPYLYAMVHDSSVSTIPGDFVIGVKLTIIENMCAYGLNPGISGSRLLGTIPQ , CCCCCCCCCCCCCCCCCCCCCCCEEEEEEEEECCCCCCCEEEEEEEHHHHHCCCCCCCHHHHHCCCCECCCEEEEEECCCCCCCCCEEEEEEECEECCCCCCCCCCCCCCEEEEECCCCCCCEEEEECCCCCCCCECHHHHHCCCCEEEEEEEECCCCCCCCCEEEEEEEEECCCCCCCCCEECCCCCCCEEEEEEEEEEEECCECCCCCEEEECCCCCCEEECCEEECCHHHHCHHHCCEEEEEEEEEEEECCCCCCECCEEEEEECCCCCCCCHHHHHCCEEEECCCCCCCEEEEEECHHHCCCCEECCCCCCCCCCCCCCCEEEEEECCCEECCCCCCEEEEEEEEEEEEEECCCCCCCCCCCCCCCCCCC
7,TQSHYGQCGGIGYSGPTVCASGTTCQVLNPYYSQCL , CCCCCCEEECCCCCCCCCCCCCCCEEEEECCEEEEC
8,GGGARSGDDVVAKYCNACHGTGLLNAPKVGDSAAWKTRADAKGGLDGLLAQSLSGLNAMPPKGTCADCSDDELKAAIGKMSGL , CCCCCCCHHHHHHCCHHHHCCCCCCCCCCCCHHHHHHHHHHHCCCCCCHHHHHHCECCECCCCCCCCCCHHHHHHHHHHHHCC
9,LKCNKLIPIAYKTCPEGKNLCYKMMLASKKMVPVKRGCINVCPKNSALVKYVCCSTDRCN , CEEECCCCCCEEECCCCCCEEEEEEECCCCCEEEEEEEECCCCCCCCCEEEEEECCCCCC
10,TTCCPSIVARSNFNVCRLPGTPEAICATYTGCIIIPGATCPGDYAN , CEECCCHHHHHHHHHHHCCCCCHHHHHHHHCCEECCCCCCCHHHCC
11,KSFPEVVGKTVDQAREYFTLHYPQYNVYFLPEGSPVTLDLRYNRVRVFYNPGTNVVNHVPHVG , CECHHHCCCEHHHHHHHHHHHCCCCEEEEEECCCCEECCCCCCEEEEEEECCCCEECCCCEEC
12,LSADQISTVQASFDKVKGDPVGILYAVFKADPSIMAKFTQFAGKDLESIKGTAPFETHANRIVGFFSKIIGELPNIEADVNTFVASHKPRGVTHDQLNNFRAGFVSYMKAHTDFAGAEAAWGATLDTFFGMIFSKM , CCHHHHHHHHHHHHCCCCCHHHHHHHHHHHCHHHHCCCCCCCCCCHHHHCCCHHHHHHHHHHHHHHHHHHHCCCCCHHHHHHHHHHHHHHCCCHHHHHHHHHHHHHHHHHHCCHHHHHHHHHHHHHHHHHHHHHHC
13,FERTKPHVNVGTIGHVDHGKTTLTAAITTVLAKTYGITINTSHVEYDTPTRHYAHVDCPGHADYVKNMITGAAQMDGAILVVAATDGPMPQTREHILLGRQVGVPYIIVFLNKCDMVDDEELLELVEMEVRELLSQYDFPGDDTPIVRGSALKALEGDAEWEAKILELAGFLDSYIP , CCCCCCEEEEEEECCCCCCHHHHHHHHHHHHHHHHCCCCCCEEEEEECCCCEEEEEECCCHHHHHHHHHCCCCCCCEEEEEECCCCCCCHHHHHHHHHHHHHCCCEEEEEEECCCCCCCHHHHHHHHHHHHHHHHHHCCCCCCCCEEEECHHHHHHCCCHHHHHHHHHHHHHHHHCC
14,FNKEQQNAFYEILHLPNLNEEQRNGFIQSLKDDPSQSANLLAE , CCCCHHHHHHHHHCCCCCCCHHHHHHHHHHHHCCCCCCCCCCC
15,QVQLKESGPGLVAPSQSLSITCTVSGFSLTGYGVNWVRQPPGKGLEWLGMIWGDGNTDYNSALKSRLSISKDNSKSQVFLKMNSLHTDDTARYYCARERDYRLDYWGQGTTLTVSSASTTPPSVFPLAPGSAAQTNSMVTLGCLVKGYFPEPVTVTWNSGSLSSGVHTFPAVLQSDLYTLSSSVTVPSSPRPSETVTCNVAHPASSTKVDKKIVPRDC , CCEEEEECCCEECCCCCEEEEEEEECCCHHHCEEEEEEECCCCCCEEEEEECCCCCEEECHHHCCCCEEEEECCCCEEEEEECCCCCCCCEEEEEEEECCCCEEEECCCEEEEECCCCCECCEEEEECCCCCCCCCCEEEEEEEEEEEECCCCEEEEHHHCECCCCEEEEEEECCCCEEEEEEEEEECCCCCCCCCEEEEEEHHHCEEEEEECCCCCC
16,AYVINDSCIACGACKPECPVNIIQGSIYAIDADSCIDCGSCASVCPVGAPNPED , CCEECCCCCCCCCCHHHCCCCCECCCCCCECCCCCCCCCHHHHHCCCCCEECCC
17,GVQVETISPGDGRTFPKRGQTCVVHYTGMLEDGKKFDSSRDRNKPFKFMLGKQEVIRGWEEGVAQMSVGQRAKLTISPDYAYGATGHPGIIPPHATLVFDVELLKLE , CEEEEEEECCCCCCCCCCCCEEEEEEEEEECCCCEEEECHHHCCCEEEECCCCCCCHHHHHHHCCCCCCCEEEEEECHHHCCCCCCECCCECCCCCEEEEEEEEEEC
18,HSKKMEEGITVNKFKPKTPYVGRCLLNTKITGDDAPGETWHMVFSHEGEIPYREGQSVGVIPDGEDKNGKPHKLRLYSIASSALGDFGDAKSVSLCVKRLIYTNDAGETIKGVCSNFLCDLKPGAEVKLTGPVGKEMLMPKDPNATIIMLGTGTGIAPFRSFLWKMFFEKHDDYKFNGLAWLFLGVPTSSSLLYKEEFEKMKEKAPDNFRLDFAVSREQTNEKGEKMYIQTRMAQYAVELWEMLKKDNTYVYMCGLKGMEKGIDDIMVSLAAAEGIDWIEYKRQLKKAEQWNVEVY , CCCECCCCCCCCCEECCECEEEEEEEEEECCCCCCCCCEEEEEEECCCCCCCCCCCEEEEECCCECCCCCECCCEEEECCCCCCCCCCCCCEEEEEEECCEEECCCCCEEECHHHHHHHCCCCCCEEEEEEEECCCCCCECCCCCEEEEEEEHHHHHHHHHHHHHHHCCCECCECCCCEEEEEEEECCHHHCCCHHHHHHHHHHCCCCEEEEEEECCCCECCCCCECCHHHHHHCCHHHHHHHHCCCCEEEEEEECHHHHHHHHHHHHHHHHCCCCCHHHHHHHHHHCCCEEEEEC
19,ASYKVTLKTPDGDNVITVPDDEYILDVAEEEGLDLPYSCRAGACSTCAGKLVSGPAPDEDQSFLDDDQIQAGYILTCVAYPTGDCVIETHKEEALY , CCEEEEEEECCEEEEEEECCCCCHHHHHHHHCCCCCCCCCCCCCCCCEEEEEECCCCECCCCCCCCCCCCCCEEEHHHCECCCCEEEECCCCCCCC
20,AVKVGINGFGRIGRNVFRAALKNPDIEVVAVNDLTDANTLAHLLKYDSVHGRLDAEVSVNGNNLVVNGKEIIVKAERDPENLAWGEIGVDIVVESTGRFTKREDAAKHLEAGAKKVIISAPAKNEDITIVMGVNQDKYDPKAHHVISNASCTTNCLAPFAKVLHEQFGIVRGMMTTVHSYTNDQRILDLPHKDLRRARAAAESIIPTTTGAAKAVALVLPELKGKLNGMAMRVPTPNVSVVDLVAELEKEVTVEEVNAALKAAAEGELKGILAYSEEPLVSRDYNGSTVSSTIDALSTMVIDGKMVKVVSWYDNETGYSHRVVDLAAYIASKGL , CEEEEEECCCHHHHHHHHHHCCCCCEEEEEEECCCCHHHHHHHHHEECCCEECCCCEEEECCEEEECCEEEEEECCCCHHHCCHHHHCCCEEEECCCCCCEHHHHCHHHHCCCCEEEECCCCECCCEECCCCCCHHHCCCCCCCEEECCCHHHHHHHHHHHHHHHHHCEEEEEEEEEEECCCCCECCCCCCCCCCCCCECCCCCEEEECCCCHHHHHCCHHHCCCEEEEEEEECCCCCEEEEEEEEECCCCCHHHHHHHHHHHHHCCCECCEEEECCCCCHHHHCCCCCCEEEEHHHCEEECCCEEEEEEEECCCHHHHHHHHHHHHHHHHCCC
21,GALTESQAALVKSSWEEFNANIPKHTHRFFILVLEIAPAAKDLFSFLKGTSEVPQNNPELQAHAGKVFKLVYEAAIQLEVTGVVVTDATLKNLGSVHVSKGVADAHFPVVKEAILKTIKEVVGAKWSEELNSAWTIAYDELAIVIKKEMDDAA , CCCCHHHHHHHHHHHHHHHCCHHHHHHHHHHHHHHHCHHHHHHCCCCCCCCCCCCCCHHHHHHHHHHHHHHHHHHHHHHHHCCCCCCHHHHHHHHHHHHHCCCHHHHHHHHHHHHHHHHHHHHHHCCHHHHHHHHHHHHHHHHHHHHHHHHHC
22,RTVYAFSARPLAGGEPFNLSSLRGKVLLIENVASLGTTVRDYTQMNDLQRRLGPRGLVVLGFPCNQFGHQENAKNEEILNCLKYVRPGGGFEPNFMLFEKCEVNGEKAHPLFAFLREVLPTPSDDATALMTDPKFITWSPVCRNDVSWNFEKFLVGPDGVPVRRYSRRFLTIDIEPDIETLLS , CCHHHCEECECCCCCCEEHHHHCCCEEEEEEECCCCCHHHHHHHHHHHHHHHHHHCEEEEEEECCCCCCCCCCCHHHHHHHHHHCCCCCCCCCCCEEECCCECCCCCECHHHHHHHHHCCCCCCCCCCCCCCHHHCCCCCCCCCCCCCCCCEEEECCCCCEEEEECCCCCHHHHHHHHHHHHC
23,SAPANAVAADNATAIALKYNQDATKSERVAAARPGLPPEEQHCADCQFMQADAAGATDEWKGCQLFPGKLINVNGWCASWTLKAG , CCCCCECCCCCHHHHHHCCECCHHHCCHHHHCCCCCCHHHCCHHHECCEECCCCCCCCCEEEECCCCCCEEECCCECCCCCECCC
24,AKELRCQCIKTYSKPFHPKFIKELRVIESGPHCANTEIIVKLSDGRELCLDPKENWVQRVVEKFLKRAENS , CCCCCCCCCCCCCCCCCHHHEEEEEEECCCCCCCCCEEEEEECCCEEEEECCCCHHHHHHHHHHHHHHHHC
25,MNIFEMLRIDEGLRLKIYKDTEGYYTIGIGHLLTKSPSLNAAKSELDKAIGRNCNGVITKDEAEKLFNQDVDAAVRGILRNAKLKPVYDSLDAVRRCALINMVFQMGETGVAGFTNSLRMLQQKRWDEAAVNLAKSRWYNQTANRAKRVITTFRTGTWDAYKNL , CCHHHHHHHHHCCEEEEEECCCCCEEEECCEEEECCCCHHHHHHHHHHHHCCCCCCECCHHHHHHHHHHHHHHHHHHHHHCCCCHHHHHHCCHHHHHHHHHHHHHHHHHHHHCCHHHHHHHHCCCHHHHHHHHHCCHHHHHCHHHHHHHHHHHHHCCCHHHHCC
26,TKGLVLGIYSKEDEPQFTSAGENFNKLVSGKLREILNISGPPLKAGKTRTFYGLHEDFPSVVVVGLGKKTAGIDEQENWHEGKENIRAAVAAGCRQIQDLEIPSVEVDPCGDAQAAAEGAVLGLYEYDDLKQKRKVVVSAKLHGSEDQEAWQRGVLFASGQNLARRLMETPANEMTPTKFAEIVEENLKSASIKTDVFIRPKSWIEEQEMGSFLSVAKGSEEPPVFLEIHYKGSPNASEPPLVFVGKGITFDSGGISIKAAANMDLMRADMGGAATICSAIVSAAKLDLPINIVGLAPLCENMPSGKANKPGDVVRARNGKTIQVDNTDAEGRLILADALCYAHTFNPKVIINAATLTGAMDIALGSGATGVFTNSSWLWNKLFEASIETGDRVWRMPLFEHYTRQVIDCQLADVNNIGKYRSAGACTAAAFLKEFVTHPKWAHLDIAGVMTNKDEVPYLRKGMAGRPTRTLIEFLFRFSQ , CCEEEEEECCCCCCCCECHHHHHHHHHCCCHHHHHHHHHCCCCCCCCEEEEEEEECCEEEEEEEECCCCCCCEECCCCEEHHHHHHHHHHHHHHHHHHHCCCCEEEECCCCCHHHHHHHHHHHCCCCCCCCCCCCCCCEEEECCCCCHHHHHHHHHHHHHHHHHHHHHHCCCCCCCHHHHHHHHHHHHHHHCCCEEEEEECHHHHHHCCCHHHHHHHCCCCCCCEEEEEEEECCCCCCCCCEEEEECEEEEECCCCCCCCCCCHHHHHHCCHHHHHHHHHHHHHHHCCCCCEEEEEEEEEEECCCCCCCCCCEEEECCCCCEEEECCCCCHHHHHHHHHHHHHHHCCCCEEEEEECCCHHHHHHHCCCCEEEEECCHHHHHHHHHHHHHHCCCEEECCCCHHHHHHHCCCCCCCEECCCCCCCCHHHHHHHHHHCCCCCCCEEEEECHHHCEECCCCCCCCCEECCCCHHHHHHHHHHHHC
27,PLTQEQLEDARRLKAIYEKKKNELGLSQESVADKMGMGQSGVGALFNGINALNAYNAALLAKILKVSVEEFSPSIAREIYEMYEAVS , CCCHHHHHHHHHHHHHHHHHHHHHCCCHHHHHHHHCCCHHHHHHHHCCCCCCCHHHHHHHHHHHCCCHHHCCHHHHHHHHHHHCCCC
28,DIVMTQSPSSLSVSAGERVTMSCKSSQSLLNSGNQKNFLAWYQQKPGQPPKLLIYGASTRESGVPDRFTGSGSGTDFTLTISSVQAEDLAVYYCQNDHSYPLTFGAGTKLEIKRADAAPTVSIFPPSSEQLTSGGASVVCFLNNFYPKDINVKWKIDGSERQNGVLNSWTDQDSKDSTYSMSSTLTLTKDEYERHNSYTCEATHKTSTSPIVKSFNRNEC , CCCEEEECCEEEECCCCCEEEEEEECCCCECCCCCCECEEEEEECCCCCCEEEEECCCEECCCCCCCEEEEEECCEEEEEECCCCCCCCCEEEEEECCCCCCEEECCCEEEECCCCECCEEEEECCCHHHHCCCEEEEEEEEEEEECCCCEEEEECCCCCCCCCEEEEECCCCCCCCCEEEEEEEEEEHHHHCCCCEEEEEEECCCCCCCEEEEEECCCC
29,KSCCSCCPVGCAKCSQGCICKEASDKCSCCA , CCCCCCCCCCCCCCCCCCCCCCCCCCCCCCC
30,LAAVSVDCSEYPKPACPKDYRPVCGSDNKTYSNKCNFCNAVVESNGTLTLNHFGKC , CCCEEECCCCCCCCCCCCCCCCEEECCCCEECCHHHHHHHHHHCCCCCCEEEECCC
31,ENIEVHMLNKGAEGAMVFEPAYIKANPGDTVTFIPVDKGHNVESIKDMIPEGAEKFKSKINENYVLTVTQPGAYLVKCTPHYAMGMIALIAVGDSPANLDQIVSAKKPKIVQERLEKVIA , CEEEEEEEEEECCEEEEEECCEEEECCCCEEEEEECCCCCCCEECCCCCCCCCCCCECCCCCCEEEECCCCEEEEEECCCCHHHCCEEEEEECCCCCCHHHHHHCCCCHHHHHHHHHHHC
32,GPSQPTYPGDDAPVEDLIRFYDNLQQYLNVVTRHRY , CCCCCCCCCCCCCHHHHHHHHHHHHHHHHHHCCCCC
33,TYTTRQIGAKNTLEYKVYIEKDGKPVSAFHDIPLYADKEDNIFNMVVEIPRWTNAKLEITKEETLNPIIQNTKGKLRFVRNCFPHHGYIHNYGAFPQTWEDPNVSHPETKAVGDNNPIDVLQIGETIAYTGQVKEVKALGIMALLDEGETDWKVIAIDINDPLAPKLNDIEDVEKYFPGLLRATDEWFRIYKIPDGKPENQFAFSGEAKNKKYALDIIKETHNSWKQLIAGKSSDSKGIDLTNVTLPDTPTYSKAASDAIPPASPKADAPIDKSIDKWFF , CCCEEEECCCCCCCCEEEEECCCCECCCCCCCCCCCCCCCCCCCECCCCCCCCCECCCCCCCCCCCCCCCCCCCCCCECCCCCCCCCCCCCCCCCCCCCCCCCCCCCCCCCCCCCCCCCEEECCCCCCCCCCCECCEEEEEEEEECCCCEEEEEEEECCCCCCCCCCCCCHHHHCCCCCCHHHHHHHHHHHHHHHHCCCCCECHHHCCECHHHHHHHHHHHHHHHHHHHCCCCCCCCCCCCCCCCCCCCCCCCCCCCCCCCCCCCCCCCCCCCCCCCCCC
34,GYSDRVQQITLGNSTITTQEAANAVVCYAEWPEYLPDVDASDVNKTSKPDTSVCRFYTLDSKTWTTGSKGWCWKLPDALKDMGVFGQNMFFHSLGRSGYTVHVQCNATKFHSGCLLVVVIPEHQLASHEGGNVSVKYTFTHPGERGIDLSSANEVGGPVKDVLYNMNGTLLGNLLIFPHQFINLRTNNTATIVIPYINSVPIDSMTRHNNVSLMVIPIAPLTVPTGATPSLPITVTIAPMCTEFSGIRSKSIVPQ , CCCCCCEEEEECCEEEEECCCCCCEEHHHCCCCCCCHHHCCCCCCCECCHHHCCCCEECCCEEEECCCCCEEEEECHHHCCCHHHHHHHHHEEEEEEEEEEEEECCCCCCCEEEEEEEEEECCCCCECCCCCCCCCHHHHCCHHHCEECCCCCCCCCECCCHHHCCCCECHHHHHHCCEEEEECCCCCEEEEEECCCCCCCCECCCCECCEEEEEEEEEEEECCCCCCCEEEEEEEEEEEEEEEEEECCCCCCCC
35,ERDCRVSSFRVKENFDKARFSGTWYAMAKKDPEGLFLQDNIVAEFSVDETGQMSATAKGRVRLLNNWDVCADMVGTFTDTEDPAKFKMKYWGVASFLQKGNDDHWIVDTDYDTYAVQYSCRLLNLDGTCADSYSFVFSRDPNGLPPEAQKIVRQRQEELCLARQYRLIVHNGYC , CCCCCHHHCCCCCCCCCCCCCEEEEEEEEECCCCCCCCEEEEEEEEECCCCCEEEEEEEEEEECCCEEEEEEEEEEEEECCCCCEEEEEEEECCCCCCCEEEEEEEEEECCCCEEEEEEEEEECCCCCEEEEEEEEEECCCCCCCHHHHHHHHHHHHHCCCCCCCEECCCCCCC
36,VHQVLYRALVSTKWLAESVRAGKVGPGLRVLDASWYSPGTREARKEYLERHVPGASFFDIEECRDKASPYEVMLPSEAGFADYVGSLGISNDTHVVVYNGDDLGSFYAPRVWWMFRVFGHRTVSVLNGGFRNWLKEGHPVTSEPSRPEPAIFKATLNRSLLKTYEQVLENLESKRFQLVDSRAQGRYLGTQPEPDAVGLDSGHIRGSVNMPFMDFLTENGFEKSPEELRAMFEAKKVDLTKPLIATCRKGVTACHIALAAYLCGKPDVAIYDGSWFEWFHRAPPETWVSQGKG , CCCCCCCCEECHHHHHHHHHHCCECCCEEEEECCCCCCCCCCHHHHHCCCECCCCEECCCCCCCCCCCCCCCCCCCHHHHHHHHHHHCCCCCCEEEECCCCCCCCCCHHHHHHHHHHCCCCCEEEECCHHHHHHHHCCCCECCCCCCCCCCCCCCCCCCCEECCCHHHHHHHHCCCEEEECCCHHHHHCCCCCCCCCCCCCCECCCCEECCCCCCECCCCCECCHHHHHHHHHHCCCCCCCCEEEECCCCCCCHHHHHHHHHHCCCCCEEECCCHHHHHHHCCHHHCECCCCC
37,AQSVPYGVSQIKAPALHSQGYTGSNVKVAVIDSGIDSSHPDLKVAGGASFVPSETNPFQDNNSHGTHVAGTVAALDNSIGVLGVAPSASLYAVKVLGADGSGQYSWIINGIEWAIANNMDVINMSLGGPSGSAALKAAVDKAVASGVVVVAAAGNEGTSGSSSTVGYPAKYPSVIAVGAVDSSNQRASFSSVGPELDVMAPGVSICSTLPGNKYGAKSGTSMASPHVAGAAALILSKHPNWTNTQVRSSLENTTTKLGDSFYYGKGLINVQAAAQ , CCCCCHHHHHCCHHHHHHCCCCCCCCEEEEEECCCCCCCCCCCEEEEEECECCECCCCCCCCCHHHHHHHHHHCCCCCCCCCCCCCCCEEEEEECCCCCCCCCHHHHHHHHHHHHHCCCCEEEECCCECCCCHHHHHHHHHHHHCCCEEEEECCCCCCCCCCCCCCECCCCCCCEEEEEECCCCCECCCCCCCCCCCEEEECCCEEEEECCCEEEEECCHHHHHHHHHHHHHHHHHHCCCCCHHHHHHHHHHCCECCCCHHHHCCCECCHHHHCC
38,AACKCDDEGPDIRTAPLTGTVDLGSCNAGWEKCASYYTIIADCCRKKK , CEEECCCCCCCCCCCCEEEEEEECCCCCCEEEEEEEEECCEEEEEECC
39,TSPQREATCTSEVSGCPKIYNPVCGTDGITYSNECVLCSENKKRQTPVLIQKSGPC , CCCCCCCCCCCCCCCEECCCCCEEECCCCEECCHHHHHHHHHCCCCCCCEEEECCC
40,RTPSDKPVAHVVANPQAEGQLQWLNRRANALLANGVELRDNQLVVPSEGLYLIYSQVLFKGQGCPSTHVLLTHTISRIAVSYQTKVNLLSAIKSPCQRETPEGAEAKPWYEPIYLGGVFQLEKGDRLSAEINRPDYLLFAESGQVYFGIIAL , CCCCCCCEEEEECCCCCCCCCCCCCCCCCCEECCCCEECCCCEECCCCEEEEEEEEEEEEEECCCCCCCCEEEEEEEECCCCCCEEEEECCEECCCCCCCCCCCCCCEEEEEEEEEEEEEECCCCEEEEEECCHHHECCCCCCCCEEEEEEC
41,MQIFVKTLTGKTITLEVEPSDTIENVKAKIQDKEGIPPDQQRLIFAGKQLEDGRTLSDYNIQKESTLHLVLRLRGG , CEEEEEECCCCEEEEECCCCCEHHHHHHHHHHHHCCCHHHEEEEECCEECCCCCECHHHCCCCCCEEEEEECCCCC
42,MERYENLFAQLNDRREGAFVPFVTLGDPGIEQSLKIIDTLIDAGADALELGVPFSADGPTIQNANLRAFAAGVTPAQCFEMLALIREKHPTIPIGLLMYANLVFNNGIDAFYARCEQVGVDSVLVADVPVEESAPFRQAALRHNIAPIFICPPNADDDLLRQVASYGRGYTYLLPLHHLIEKLKEYHAAPALQGFGISSPEQVSAAVRAGAAGAISGSAIVKIIEKNLASPKQMLAELRSFVSAMKAA , CHHHHHHHHHHCCCCCCEEEEEEECCCCCHHHHHHHHHHHHHCCCCCEEEECCCCCCCCHHHHHHHHHHHCCCCHHHHHHHHHHHHCCCCCCCEEEEECHHHHHCCCHHHHHHHHHHHCCCEEEECCCCHHHCHHHHHHHHHCCCEEECCCCCCCCCCCHHHHHHHCCCCEEECCHHHHHHHHHHCCCCCEEECCCCCCHHHHHHHHHHCCCEEEECCHHHHHHHHCCCCHHHHHHHHHHHHHHHHHC
43,FGEFGGMYVPQILMPALNQLEEAFVRAQKDPEFQAQFADLLKNYAGRPTALTKCQNITAGTRTTLYLKREDLLHGGAHKTNQVLGQALLAKRMGKSEIIAETGAGQHGVASALASALLGLKCRIYMGAKDVERQSPNVFRMRLMGAEVIPVHSGSATLKDACNEALRDWSGSYETAHYMLGTAAGPHPYPTIVREFQRMIGEETKAQILDKEGRLPDAVIACVGGGSNAIGMFADFINDTSVGLIGVEPGGHGIETGEHGAPLKHGRVGIYFGMKAPMMQTADGQIEESYSISAGLDFPSVGPQHAYLNSIGRADYVSITDDEALEAFKTLCRHEGIIPALESSHALAHALKMMREQPEKEQLLVVNLSGRGDKDIFTVHDILKA , CCCCCCCCCCHHHHHHHHHHHHHHHHHHHCHHHHHHHHHHHHHCCCCCCCEEECCCCCCCCCEEEEEEEHHHCCCCECCHHHHHHHHHHHHHHCCCEEEEECCCCHHHHHHHHHHHHHCCEEEEEECCCCCCCCHHHHHHHHHCCCEEEECCCCCCCCHHHHHHHHHHHHCCHHHCEECCCCCCCCCCHHHHHHHCCCHHHHHHHHHHHHHCCCCCCEEEEECCCCHHHHHHHHHHCCCCCCEEEEEEEEECCHHHCCCCCHHHHCEEEEECCEEEEECCCCCCCCCCCCCCCHHHCCCCCCHHHHHHHHCCCEEEEEEEHHHHHHHHHHHHHHHCCCECHHHHHHHHHHHHHHHHCCCCCEEEEEEECEECHHHHHHHHHHCCC
44,ADLEDNMETLNDNLKVIEKADNAAQVKDALTKMRAAALDAQKATPPKLEDKSPDSPEMKDFRHGFDILVGQIDDALKLANEGKVKEAQAAAEQLKTTRNAYHQKYR , CCHHHHHHHHHHHHHHHHHCCCHHHHHHHHHHHHHHHHHHCCCCCHHHCCCCCCCHHHHHHHHHHHHHHHHHHHHHHHHHCCCHHHHHHHHCHHHHHHHHHHHHHC
45,MFENITAAPADPILGLADLFRADERPGKINLGIGVYKDETGKTPVLTSVKKAEQYLLENETTKNYLGIDGIPEFGRCTQELLFGKGSALINDKRARTAQTPGGTGALRVAADFLAKNTSVKRVWVSNPSWPNHKSVFNSAGLEVREYAYYDAENHTLDFDALINSLNEAQAGDVVLFHGCCHNPTGIDPTLEQWQTLAQLSVEKGWLPLFDFAYQGFARGLEEDAEGLRAFAAMHKELIVASSYSANFGLYNERVGACTLVAADSETVDRAFSQMKAAIRANYSNPPAHGASVVATILSNDALRAIWEQELTDMRQRIQRMRQLFVNTLQEKGANRDFSFIIKQNGMFSFSGLTKEQVLRLREEFGVYAVASGRVNVAGMTPDNMAPLCEAIVAVL , CCCCCCCCCCCCCCCCCCCCCCCCCCCCECCCCCCCCCCCCCCCCCCCCHHHHCHHHHCCCCCCCCECCECHHHHHHHHHHHHCCCCCCCCCCCEEEEEECCCHHHHHHHHHHHHCCCCCCEEECCCCCCCCCCCCCCCCCCEEECCCCCCCCCCCCCHHHHHHHHHCCCCCCEECCCCCCCCCCCCCCCHHHHHHHHHHHHHHCCCCCCEEECCCCCCCCCCHHHHHHCCCCCCCCEEEEEECCCCCCCCCCCCEEEEEECCCHHHHHHHHHHHHHHHHHCCCCCCCHHHHHHHHHHCCCCCHHHHHHHHHHHHHHHHHHHHHHHHHHCCCCCCCCCHHHHCCCCCEEECCCCCHHHHHHHCCCCECCCCCCEEEHHHCCHHHHHHHHHHCHHHC
46,GASARLLRAAIMGAPGSGKGTVSSRITKHFELKHLSSGDLLRDNMLRGTEIGVLAKTFIDQGKLIPDDVMTRLVLHELKNLTQYNWLLDGFPRTLPQAEALDRAYQIDTVINLNVPFEVIKQRLTARWIHPGSGRVYNIEFNPPKTMGIDDLTGEPLVQREDDRPETVVKRLKAYEAQTEPVLEYYRKKGVLETFSGTETNKIWPHVYAFLQTKLPQRSQETSVTP , CCCCCCCEEEEECCCCCCHHHHHHHHHHHECCEEEEHHHHHHHHHHCCCHHHHHHHHHHHCCCCCCHHHHHHHHHHHHHHHCCCCEEEECCCCCHHHHHHHHCCCCCCEEEEEECCHHHHHHHHCCEEEECCCCEEEECCCECCCCCCECCCCCCECECCHHHCHHHHHHHHHHHHHHHHHHHHHHHHHCCEEEEECCCHHHHHHHHHHHHHCCCCECCCCCCCCC
47,ANIVGGIEYSINNASLCSVGFSVTRGATKGFVTAGHCGTVNATARIGGAVVGTFAARVFPGNDRAWVSLTSAQTLLPRVANGSSFVTVRGSTEAAVGAAVCRSGRTTGYQCGTITAKNVTANYAEGAVRGLTQGNACMGRGDSGGSWITSAGQAQGVMSGGNVQSNGNNCGIPASQRSSLFERLQPILSQYGLSLVTG , CEEEECCEEEECCCEEEECCEEEEECCEEEEEECHHHCCCCCEEEECCEEEEEEEEEECCECCEEEEEECCCCEEEEEEEECCEEEECCECCCCCCCCEEEEEECCCEEEEEEEEEEEEEEEECCEEEEEEEEECCCCECCCCCCEEECCCCEEEEEEEEECCCCCCECCCCCHHHCCEEEEEHHHHHHHHCCEECCC
48,WGYDDKNGPEQWSKLYPIANGNNQSPVDIKTSETKHDTSLKPISVSYNPATAKEIINVGHSFHVNFEDNQDRSVLKGGPFSDSYRLFQFHFHWGSTNEHGSEHTVDGVKYSAELHVAHWNSAKYSSLAEAASKADGLAVIGVLMKVGEANPKLQKVLDALQAIKTKGKRAPFTNFDPSTLLPSSLDFWTYPGSLTHPPLYESVTWIICKESISVSSEQLAQFRSLLSNVEGDNAVPMQHNNRPTQPLKGRTVRASF , CCCCCCCCHHHHHHCCHHHHCCCCCCCEECCCCCEECCCCEEEEEECCHHHEEEEEECCCCEEEEECCCCCCCEEEEECCCCCEEEEEEEEEECCCCCCCCCCEECCEECCEEEEEEEEECCCCCCHHHHCCCCCCEEEEEEEEEECCCCHHHHHHHHHHHHCCCCCCEEECCCCCHHHHCCCCCCEEEEEECCCCCCCCCCEEEEEECCCEEECHHHHHHHCCCECCCCCCCCCECCCCCCCCCCCCCCCCEECC
49,QSKPEDLLKLRQGLMQTLKSQWVPIAGFAAGKADLPADAAQRAENMAMVAKLAPIGWAKGTEALPNGETKPEAFGSKSAEFLEGWKALATESTKLAAAAKAGPDALKAQAAATGKVCKACHEEFKQD , CCCHHHHHHHHHHHHHHHHHHHHHHHHHHCCCCCCCCCHHHHHHHHHHHHHHHHHHHCCCCCCCCCCCECHHHHCCCHHHHHHHHHHHHHHHHHHHHHHHHCHHHHHHHHHHHHHHHHHHHHHHECC
50,TPLVHVASVEKGRSYEDFQKVYNAIALKLREDDEYDNYIGYGPVLVRLAWHTSGTWDKHDNTGGSYGGTYRFKKEFNDPSNAGLQNGFKFLEPIHKEFPWISSGDLFSLGGVTAVQEMQGPKIPWRCGRVDTPEDTTPDNGRLPDADKDADYVRTFFQRLNMNDREVVALMGAHALGKTHLKNSGYEGPWGAANNVFTNEFYLNLLNEDWKLEKNDANNEQWDSKSGYMMLPTDYSLIQDPKYLSIVKEYANDQDKFFKDFSKAFEKLLENGITFPKDAPSPFIFKTLEEQGLL , CCCCCECCCCCCCCHHHHHHHHHHHHHHHHHCCCHHHHCCCHHHHHHHHHHHHCCCECCCCECCCCCCHHHCHHHHCCHHHCCCHHHHHHHHHHHHHCCCCCHHHHHHHHHHHHHHHCCCCCCCECCCCCCCCHHHCCCCCCCCCCCCCHHHHHHHHHCCCCCHHHHHHHHHHHHCCEECHHHHCCCEECCCCCCCCCCHHHHHHHHCCEEEEECCCCCEEEEECCCCEECHHHHHHHHCHHHHHHHHHHHCCHHHHHHHHHHHHHHHHHCCCECCCCCCCCECCCCHHHHCC
51,MKIVYWSGTGNTEKMAELIAKGIIESGKDVNTINVSDVNIDELLNEDILILGCSAMGDEVLEESEFEPFIEEISTKISGKKVALFGSYGWGDGKWMRDFEERMNGYGCVVVETPLIVQNEPDEAEQDCIEFGKKIANI , CEEEEECCCCHHHHHHHHHHHHHHHCCCCCEEEEHHHCCHHHHCCCCEEEEEECCECCCECCCCCHHHHHHHHCCCCCCCEEEEEEEECCCCCHHHHHHHHHHHHCCCEECCCCEEEECCCCCCHHHHHHHHHHHCCC
52,PKYTIVDKETCIACGACGAAAPDIYDYDEDGIAYVTLDDNQGIVEVPDILIDDMMDAFEGCPTDSIKVADEPFDGDPNKFE , CCCEEECCCCCCCCCCHHHHCCCCEEEECCCEEEECCCCCCCCCCCCHHHHHHHHHHHHCCCCCCEEECCCCCCCCCCCCC
53,ADTRIGVTIYKYDDNFMSVVRKAIEQDAKAAPDVQLLMNDSQNDQSKQNDQIDVLLAKGVKALAINLVDPAAAGTVIEKARGQNVPVVFFNKEPSRKALDSYDKAYYVGTDSKESGIIQGDLIAKHWAANQGWDLNKDGQIQFVLLKGEPGHPDAEARTTYVIKELNDKGIKTEQLQLDTAMWDTAQAKDKMDAWLSGPNANKIEVVIANNDAMAMGAVEALKAHNKSSIPVFGVDALPEALALVKSGALAGTVLNDANNQAKATFDLAKNLADGKGAADGTNWKIDNKVVRVPYVGVDKDNLAEFSKK , CCEEEEEEECCCCCHHHHHHHHHHHHHHCCCCCEEEEEEECCCCHHHHHHHHHHHHHCCCCEEEECCCCHHHHHHHHHHHHCCCCCEEEECCCCCHHHHHCCCCEEEEECCHHHHHHHHHHHHHHHHHHCHHHCCCCCCCEEEEEEECCCCCHHHHHHHHHHHHHHHHCCCCEEEEEEEECCCCHHHHHHHHHHHCCCCCCCCCCEEEECCHHHHHHHHHHHHHCCCCCCCEECCECCHHHHHHHHHCCCCEEEECCHHHHHHHHHHHHHHHHCCCCCCCCCCCCCECCEEECCCEEECCCCHHHCCCC
54,GKITFYEDRGFQGRHYECSSDHSNLQPYFSRCNSIRVDSGCWMLYEQPNFTGCQYFLRRGDYPDYQQWMGFSDSVRSCRLIPHTSSHRLRIYEREDYRGQMVEITEDCSSLQDRFHFSDIHSFHVMEGYWVLYEMPNYRGRQYLLRPGDYRRYLDWGAANARVGSLRRAVDFY , CCEEEECCHHHCCCEEEECCCECCCCCCCCCCCEEEECCCEEEEECCCCCCCCEEEECCEEECCCHHHCCCCCCCCEEEEECCCCCCEEEEEEECCCEEEEEEECCCECCCCCCCCCCCCCEEEEEECCEEEEEECCCEEEEEEECCEEECCHHHHCCCCCCCCEEEECCCCC
55,SAEHVLTMLNEHEVKFVDLRFTDTKGKEQHVTIPAHQVNAEFFEEGKMFDGSSIGGWKGINESDMVLMPDASTAVIDPFFADSTLIIRCDILEPGTLQGYDRDPRSIAKRAEDYLRATGIADTVLFGPEPEFFLFDDIRFGASISGSHVAIDDIEGAWNSSTKYEGGNKGHRPGVKGGYFPVPPVDSAQDIRSEMCLVMEQMGLVVEAHHHEVATAGQNEVATRFNTMTKKADEIQIYKYVVHNVAHRFGKTATFMPKPMFGDNGSGMHCHMSLAKNGTNLFSGDKYAGLSEQALYYIGGVIKHAKAINALANPTTNSYKRLVPGYEAPVMLAYSARNRSASIRIPVVASPKARRIEVRFPDPAANPYLCFAALLMAGLDGIKNKIHPGEPMDKNLYDLPPEEAKEIPQVAGSLEEALNALDLDREFLKAGGVFTDEAIDAYIALRREEDDRVRMTPHPVEFELYYSV , CHHHHHHHHHHHCCCCEECCCCCCCCCCECCECCCCCCCCCHHHHCEEEECCCCCCCCCCEEEEEECCCCCEEECCCCCCCCEEECEECCCCCCCCCCCCCCCHHHHHHHHHHHHHCCCCCCEEEEEEECEEEEECEEEEEEECCEEEEEEECCCCHHHCCCCCCCCCCCCCCCCCCCCCECHHHCCCCCHHHHHHHHHHHHCCCEEEEEECCCCCCEEEEEECCCCHHHHHHHHHHHHHHHHHHHHHHCCEEECCCCCCCCCCCCCCEEEEEEECCCCCCCCCCCCCCCCHHHHHHHHHHHHHHHHHHHHCCCCCCHHHHCCCCCCCCCEEEECCCCCCEEEECCCCCCHHHCCEEEECCCCCCCHHHHHHHHHHHHHHHHCCCCCCCCCCCCCCCCCCCCCCCCCCECCCCHHHHHHHHHHHCHHHHCCCCCCHHHHHHHHHHHHHHHHHHHHCCCHHHHHHHCCC
56,MIKVEIKPSQAQFTTRSGVSRQGKPYSLNEQLCYVDLGNEYPVLVKITLDEGQPAYAPGLYTVHLSSFKVGQFGSLMIDRLRLVPAK , CCCCCECCCCCCCCCCCCCCCCCCCCCCCCCCECCEECCCCCEECCECCCCCCCCCCCCCECCCCCCCCCCCCCCCCCCCCCCCECC
57,GFPIPDPYCWDISFRTFYTIVIDDEHKTLFNGILLLSQADNADHLNELRRCTGKHFLNEQQLMQASQYAGYAEHKKAHDDFIHKLDTWDGDVTYAKNWLVNHIKTIDFKYRGKI , CCCCCCCCCCCHHHCCCCCECCHHHHHHHHHHHHHHHHCCCHHHHHHHHHHHHHHHHHHHHHHHHCCCCCHHHHHHHHHHHHHHHHCCCCCHHHHHHHHHHHHHHCHHHHCCCC
58,APVRSLNCTLRDSQQKSLVMSGPYELKALHLQGQDMEQQVVFSMSFVQGEESNDKIPVALGLKEKNLYLSCVLKDDKPTLQLESVDPKNYPKKKMEKRFVFNKIEINNKLEFESAQFPNWYISTSQAENMPVFLGGTKGGQDITDFTMQFVSS , CCCEEEEEEEEECCCCEEEECCCCCEEEECCCHHHHCCECCEEEEECCCCCCCCEEEEEEEECCCCEEEEEEECCCCEEEEEEECCCCCCCCCCCCHHHEEEEEECCCCEEEEECCCCCCEEEECCCCCEECEEECCCCCCCECCEEEEEECC
59,PIVDTGSVAPLSAAEKTKIRSAWAPVYSTYETSGVDILVKFFTSTPAAQEFFPKFKGLTTADELKKSADVRWHAERIINAVDDAVASMDDTEKMSMKLRNLSGKHAKSFQVDPEYFKVLAAVIADTVAAGDAGFEKLMSMICILLRSAY , CCCCCCCCCCCCHHHHHHHHHHHHHHHHCHHHHHHHHHHHHHHHCHHHHHHCHHHCCCCCHHHHHCCHHHHHHHHHHHHHHHHHHHCCCCHHHHHHHHHHHHHHHHHCCCCCHHHHHHHHHHHHHHHHCCCHHHHHHHHHHHHHHHCCC
60,TETTSFLITKFSPDQQNLIFQGDGYTTKEKLTLTKAVKNTVGRALYSSPIHIWDRETGNVANFVTSFTFVINAPNSYNVADGFTFFIAPVDTKPQTGGGYLGVFNSAEYDKTTQTVAVEFDTFYNAAWDPSNRDRHIGIDVNSIKSVNTKSWKLQNGEEANVVIAFNAATNVLTVSLTYPN , CEEEEEEECCCCCCCCCEEEEECCEECCCCEEEECCCCCCEEEEEECCCEECECCCCCCECEEEEEEEEEEECCCCCCCCCEEEEEEEECCCCCCCCHHHCCCCCCCCCCCCCCCEEEEEECCCCCCCCCCCCCCEEEEEECCCCCCEEEECCCCCCCCEEEEEEEECCCCEEEEEEEECC
61,VTSYTLSDVVSLKDVVPEWVRIGFSATTGAEYAAHEVLSWSFHSELS , CEEEEEEEECCHHHHCCCEEEEEEEEECCCCCCEEEEEEEEEEEEEC
62,SEGNEGVIINNFYSNQYQNSIDLSANATGSDPPKTYGQFSNLLSGAVNAFSNMLPLLA , CCCCCCCCCCCCCCHHHHCCCCCCCCCCCCCCCCCCCCCCCCCCCCCCCCCCCCCCCC
63,MDPNCSCAAGDSCTCAGSCKCKECKCTSCK , CCCCCCCCCCCCCCCCCCCCCCCCCCHHHC
64,SISSRVKSKRIQLGLNQAELAQKVGTTQQSIEQLENGKTKRPRFLPELASALGVSVDWLLNGT , CHHHHHHHHHHHHCCCHHHHHHHHCCCHHHHHHHHCCCCCCCCCHHHHHHHCCCCHHHHHCCC
65,CPLMVKVLDAVRGSPAINVAVHVFRKAADDTWEPFASGKTSESGELHGLTTEEQFVEGIYKVEIDTKSYWKALGISPFHEHAEVVFTANDSGPRRYTIAALLSPYSYSTTAVVT , CCEEEEEEECCCCEECCCCEEEEEEECCCCCEEEEEEEECCCCCEECCCCCCCCCCCEEEEEEECHHHHHHHHCCCCCEEEEEEEEEECCCCCCCEEEEEEEECCEEEEEEEEC
66,IDVLLGADDGSLAFVPSEFSISPGEKIVFKNNAGFPHNIVFDEDSIPSGVDASKISMSEEDLLNAKGETFEVALSNKGEYSFYCSPHQGAGMVGKVTVN , CEEEECCCCCCCCEECCEEEECCCCEEEEEECCCCCECCEECCCCCCCCCCHHHHCCCCCCCECCCCCEEEEECCCCEEEEEECHHHCCCCCEEEEEEC
67,MKTQVAIIGAGPSGLLLGQLLHKAGIDNVILERQTPDYVLGRIRAGVLEQGMVDLLREAGVDRRMARDGLVHEGVEIAFAGQRRRIDLKRLSGGKTVTVYGQTEVTRDLMEAREACGATTVYQAAEVRLHDLQGERPYVTFERDGERLRLDCDYIAGCDGFHGISRQSIPAERLKVFERVYPFGWLGLLADTPPVSHELIYANHPRGFALCSQRSATRSRYYVQVPLTEKVEDWSDERFWTELKARLPAEVAEKLVTGPSLEKSIAPLRSFVVEPMQHGRLFLAGDAAHIVPPTGAKGLNLAASDVSTLYRLLLKAYREGRGELLERYSAICLRRIWKAERFSWWMTSVLHRFPDTDAFSQRIQQTELEYYLGSEAGLATIAENYVGLPYE , CECCEEEECCCHHHHHHHHHHHHHCCCEEEECCCCHHHHHCCCCCCEEEHHHHHHHHHCCCCHHHHHHCEEECEEEEEECCCCEEEEHHHHCCCCCEEECCHHHHHHHHHHHHHHHCCEEECCCEEEEEECCCCCCCEEEEEECCEEEEEECCEEEECCCCCCCCHHHCCHHHCEEEEEEEEEEEEEEEECCCCCCCCEEEEEECCEEEEEEECCCCCEEEEEEECCCCCHHHCCHHHHHHHHHHHCCHHHHCCCCCCCEEEEEEEEEEEEEEECCEECCEEECHHHCEECCHHHCCHHHHHHHHHHHHHHHHHHHHHCCCHHHHHHHHHHHHHHHHHHHHHHHHHHHHHCCCCCCCHHHHHHHHHHHHHHCCCHHHHHHHHHHHCCCCCC
68,LAMTMEHKDRPLVRVILTNTGSHPVKQRSVYITALLDSGADITIISEEDWPTDWPVMEAAGIPMRKSRDMIELGVINRDGSLERPLLLFPAVAMVRGSILGRDCLQGLGLRLTNL , CEEECCCCCCCEEEEEEEECCCCCCCCCEEEEEEEECCCCCCCEEECCCCCCCCCEEECCCCCEEEECCCEEEEEECCCCCECCCEEECCEEECCCCEEECHHHHHHCCCEEECC
69,ATSTKKLHKEPATLIKAIDGDTVKLMYKGQPMTFRLLLVDTPETKHPKKGVEKYGPEASAFTKKMVENAKKIEVEFNKGQRTDKYGRGLAYIYADGKMVNEALVRQGLAKVAYVYKPNNTHEQHLRKSEAQAKKEKLNIWS , CCCCCCCCEEEECEEEECCCCEEEECCCCCCEEEEECCCECCCCCCCCCCCCCCCCHHHCCHHHHHHCCCCEEEEECCCCCECCCCCEEECCEECCEEHHHHHHHCCCCECCCCCCCCCCCHHHHHHHHHHHHHCCCCCCC
70,ATKAVCVLKGDGPVQGTIHFEAKGDTVVVTGSITGLTEGDHGFHVHQFGDNTQGCTSAGPHFNPLSKKHGGPKDEERHVGDLGNVTADKNGVAIVDIVDPLISLSGEYSIIGRTMVVHEKPDDLGRGGNEESTKTGNAGSRLACGVIGIAK , CCEEEEEEECCCCCEEEEEEEEECCEEEEEEEEECCCCCEEEEEEECCCCCCCCCCCCCCECCCCCCCCCCCCCCCCCCCEEEEEECCCCCEECCEEEECCCCCCCCCCCCCCEEEECCCCCCCCCCCCCCCCCCCCCCCCCEEEECEECC
71,TMRAVKRMINTHLEHKRFALINSGNTNATAGTVQNLSNGIIQGDDINQRSGDQVRIVSHKLHVRGTAITVSQTFRFIWFRDNMNRGTTPTVLEVLNTANFMSQYNPITLQQKRFTILKDVTLNCSLTGESIKDRIINLPGQLVNYNGATAVAASNGPGAIFMLQIGDSLVGLWDSSYEAVYTDA , CHHHHHHHHHCCCCEEEEEEEEEEEECCCCCEEEECCCCCCECCCCCCECCCEEEEEEEEEEEEEECCCCCEEEEEEEEEECCCCCCCCCHHHHECCCCCCCCECHHHHHCCCEEEEEEEEEEECCCCCCEEEEEEEEECCEEEECCCCCCHHHECCCEEEEEEEECCCCCEEEEEEEEEEECC
72,RPDFCLEPPYTGPCKARIIRYFYNAKAGLCQTFVYGGCRAKRNNFKSAEDCMRTCGGA , CCCHHHCCCCCCCECCCEEEEEEECCCCEEEEEEECCCCCCCCCECCHHHHHHHHCCC
73,SYSITTPSQFVFLSSAWADPIELINLCTNALGNQFQTQQARTVVQRQFSEVWKPSPQVTVRFPDSDFKVYRYNAVLDPLVTALLGAFDTRNRIIEVENQANPTTAETLDATRRVDDATVAIRSAINNLIVELIRGTGSYNRSSFESSSGLVWTS , CCCCCCCCCHHHHCCCEECHHHHHHHHHHHCCCCCCCCCHHHHHHHHHHHCCCCCCCCCCCCCCCCCEEECCCCCHHHHHHHHHCCCCCCCCCCCCCCCCCCCCCCCCCCCCCHHHHHHHHHHHHHHHHHHHHHCCCEECHHHHHHHHCCCCCC
74,MKQYLELMQKVLDEGTQKNDRTGTGTLSIFGHQMRFNLQDGFPLVTTKRCHLRSIIHELLWFLQGDTNIAYLHENNVTIWDEWADENGDLGPVYGKQWRAWPTPDGRHIDQITTVLNQLKNDPDSRRIIVSAWNVGELDKMALAPCHAFFQFYVADGKLSCQLYQRSCDVFLGLPFNIASYALLVHMMAQQCDLEVGDFVWTGGDTHLYSNHMDQTHLQLSREPRPLPKLIIKRAPESIFDYRFEDFEIEGYDPHPGIKAPVAI , CHHHHHHHHHHHHHCEEECCCCCCCEEEEEEEEEEEECCCCCCCCCCCCCCHHHHHHHHHHHHCCCCECHHHHHCCCCCCHHHCCCCCECCCCHHHHHHCEECCCCCEECHHHHHHHHHHHCCCCCCCEEECCCHHHHHHCCCCCCEEEEEEEECCCEEEEEEEEEEEECCCCHHHHHHHHHHHHHHHHHHHCCEEEEEEEEEEEEEEEHHHHHHHHHHHCCCCCCCCEEEECCCCCCHHHCCHHHEEEECCCCCCCCCCCCCC
75,GICPRFAHVIENLLLGTPSSYETSLKEFEPDDTMKDAGMQMKKVLDSLPQTTRENIMKLTEKIVKSPLCM , CCCHHHHHHHHHHHHCCHHHHHHHHHCCCCCHHHHHHHHHHHHHHCCCCHHHHHHHHHHHHHHHHCCCCC
76,SPYSAAMAEQRHQEWLRFVDLLKNAYQNDLHLPLLNLMLTPDEREALGTRVRIVEELLRGEMSQRELKNELGAGIATITRGSNSLKAAPVELRQWLEEVLLKSD , CCCCHHHHHHHHHHHHHHHHHHHHHHHCCCHHHHHHHHCCHHHHHHHHHHHHHHHHHHHCCCCHHHHHHHHCCCHHHHHHHHHHHHHCCHHHHHHHHHHHCCCC
77,DTTVSEPAPSCVTLYQSWRYSQADNGCAETVTVKVVYEDDTEGLCYAVAPGQITTVGDGYIGSHGHARYLARCL , CCCCCCECCCCEEEEECCCCEEEEECCCCCEEEEEEECCCCEEEEEEECCCCEEEEECCCCECCECEEEEEECC
78,AVKYYTLEEIQKHNNSKSTWLILHYKVYDLTKFLEEHPGGEEVLREQAGGDATENFEDVGHSTDARELSKTFIIGELHPDDRSKI , CCCEECHHHHCCCEECCEEEEEECCEEEECCCCCCCCCCCCHHHHCCCCCECHHHHHHCCCCHHHHHHHCCCEEEEECHHHHHHC
79,KELNDLEKKYNAHIGVYALDTKSGKEVKFNSDKRFAYASTSKAINSAILLEQVPYNKLNKKVHINKDDIVAYSPILEKYVGKDITLKALIEASMTYSDNTANNKIIKEIGGIKKVKQRLKELGDKVTNPVRYEIELNYYSPKSKKDTSTPAAFGKTLNKLIANGKLSKENKKFLLDLMLNNKSGDTLIKDGVPKDYKVADKSGQAITYASRNDVAFVYPKGQSEPIVLVIFTNKDNKSDKPNDKLISETAKSVMKEF , CCHHHHHHHHCCEEEEEEEECCCCCEEEECCCCCEECHHHHHHHHHHHHHCCCCHHHCCCEEECCHHHCCCCCCCHHHHCCCEEEHHHHHHHHHHHCCHHHHHHHHHHHCCHHHHHHHHHHCCCCCCCCCCCCCHHHCCCCCCCCCEECHHHHHHHHHHHCCCCCCCHHHHHHHHHHHHHCHHHCCCHHHHCCCCCEEEEEEEECCCCCCEEEEEEEECCCCCCCEEEEEEEECCCCCCCCCCHHHHHHHHHHHCCC
80,KKVVLGKKGDTVELTCTASQKKSIQFHWKNSNQIKILGNQGSFLTKGPSKLNDRADSRRSLWDQGNFPLIIKNLKIEDSDTYICEVEDQKEEVQLLVFGLTANSDTHLLQGQSLTLTLESPPGSSPSVQCRSPRGKNIQGGKTLSVSQLELQDSGTWTCTVLQNQKKVEFKIDIVVLA , CEEEEEECCCCEEECCECCCCCCCCEEEEECCCCEEEEEECCEEECCCCCCCCCEECCHHHHHHCECCEEECCCCHHHCEEEEEEECCEEEEEEEEEEEEEECCCCCEECCCCEEEEEECCCCCCCEEECECCCCCCCEECCEEEECCCCHHHCEECEEEEEECCEEEEECCEECEEC
81,MNYTKFDVKNWVRREHFEFYRHRLPCGFSLTSKIDITTLKKSLDDSAYKFYPVMIYLIAQAVNQFDELRMAIKDDELIVWDSVDPQFTVFHQETETFSALSCPYSSDIDQFMVNYLSVMERYKSDTKLFPQGVTPENHLNISALPWVNFDSFNLNVANFTDYFAPIITMAKYQQEGDRLLLPLSVQVHHAVCDGFHVARFINRLQELCNSKLK , CCEEECCCCCCCCHHHHHHHHHCCCCEEEEEEEEECHHHHHHHHCCCCCHHHHHHHHHHHHHCCCHHHCEEEECCEEEEECCCEEEEEEEECCCCEEEEEECCCCCCHHHHHHHHHHHHHHHCCCCCCCCCCCCCCCEEEEEEECCCCCCCCCCCCCCCCCCCCCEEEEECCEEECCEEEEEEEEEEECCCCCHHHHHHHHHHHHHHHCCCCC
82,TEEQIAEFKEAFSLFDKDGDGTITTKELGTVMRSLGQNPTEAELQDMINEVDADGNGTIDFPEFLTMMARKMKDTDSEEEIREAFRVFDKDGNGYISAAELRHVMTNLGEKLTDEEVDEMIREANIDGDGQVNYEEFVQMMTA , CHHHHHHHHHHHHHHCCCCCCEECHHHHHHHHHHCCCCCCHHHHHHHHHHHCCCCCCCEEHHHHHHHHHHHHHCCCCHHHHHHHHHHHCCCCCCEECHHHHHHHHHHCCCCCCHHHHHHHHHHHCCCCCCCEEHHHHHHHHCC
83,RICFNHQSSQPQTTKTCSPGESSCYHKQWSDFRGTIIERGCGCPTVKPGIKLSCCESEVCNN , CEEECCCCCCCCCEEECCCCCCCEEEEEEEECCEEEEEEEECCCCCCCCCEEEEECCCCCCC
84,VLGKPQTDPTLEWFLSHCHIHKYPSKSTLIHQGEKAETLYYIVKGSVAVLIKDEEGKEMILSYLNQGDFIGELGLFEEGQERSAWVRAKTACEVAEISYKKFRQLIQVNPDILMRLSAQMARRLQVTSEKVGNLAFLDVTGRIAQTLLNLAKQPDAMTHPDGMQIKITRQEIGQIVGCSRETVGRILKMLEDQNLISAHGKTIVVYGT , CCCCCCCCHHHHHHHCCCCCECCCCCCCCCCCCCECCEEEECCECEEEEEECCCCCCCEEEEEEECCCEECCCCCCCCCCECCCECCCCCCCEECCEEHHHHHHHCCCCCCCHHHHHHHHHHHHHHHHHHHHHHCCCCHHHHHHHHHHHCCCCCCCCCCCCCCCCCCCHHHHHHHCCCCHHHHHHHHHHCCCCCCCECCCCCECCCCC
85,QDLPGNDNSTATLCLGHHAVPNGTLVKTITDDQIEVTNATELVQSSSTGKICNNPHRILDGIDCTLIDALLGDPHCDVFQNETWDLFVERSKAFSNCYPYDVPDYASLRSLVASSGTLEFITEGFTWTGVTQNGGSNACKRGPGSGFFSRLNWLTKSGSTYPVLNVTMPNNDNFDKLYIWGIHHPSTNQEQTSLYVQASGRVTVSTRRSQQTIIPNIGSRPWVRGQSSRISIYWTIVKPGDVLVINSNGNLIAPRGYFKMRTGKSSIMRSDAPIDTCISECITPNGSIPNDKPFQNVNKITYGACPKYVKQNTLKLATGMRNVPEKQT , CCCCCCCCCCEEEEEEEECCCCCEEECCCCCCCEEECCEEECEECCCCCCEECCCCCEEECCCCCHHHHHHCCHHHHHHCCCECCEEEECCCCCCCCCCEECCCHHHHHHHHHHHCECCEEECCCCCCCEEEEECEEEEEECCEEECCCCEEEEEEECCECCCEEEEEECCCCCCEEEEEEEEECCCHHHHHHHHCCCCCCEEEECCCCEEEECCCCCCCCCECCECCEEEEEEEEECCCCEEEEEECCCEEEECEEEECCCCCCEEEECCCCEECCCCCEEECCEEECCCCCEECCCCCCEEECCEECCCCCCEEECCCECCCCCCC
86,GLFGAIAGFIENGWEGMIDGWYGFRHQNSEGTGQAADLKSTQAAIDQINGKLNRVIEKTNEKFHQIEKEFSEVEGRIQDLEKYVEDTKIDLWSYNAELLVALENQHTIDLTDSEMNKLFEKTRRQLRENAEEMGNGCFKIYHKCDNACIESIRNGTYDHDVYRDEALNNRFQIKG , CCCCCECCCECCCECCCCCCCEEEEEEECCEEEEEEEHHHHHHHHHHHHHHHHHHCCCCCEECCCCCCCCCCCCCHHHHHHHHHHHHHHHHHHHHHHHHHHHHHHHHHHHHHHHHHHHHHHHHHHHHHHEEECCCCEEEECCCCCHHHHHHHHCCCCCHHHHHHHHHHHHCCCCC
87,KSPEELKGIFEKYAAKEGDPNQLSKEELKLLLQTEFPSLLKGPSTLDELFEELDKNGDGEVSFEEFQVLVKKISQ , CCHHHHHHHHHHHHCCCCCCCCECHHHHHHHHHHHCCCCCCCCCCHHHHHHHHCCCCCCCECHHHHHHHHHHHHC
88,PKLVLVRHGQSEWNEKNLFTGWVDVKLSAKGQQEAARAGELLKEKGVNVLVDYTSKLSRAIQTANIALEKADRLWIPVNRSWRLNERHYGDLQGKDKAQTLKKFGEEKFNTYRRSFDVPPPPIDASSPFSQKGDERYKYVDPNVLPETESLALVIDRLLPYWQDVIAKLVGKTSMIAAHGNSLRGLVKHLEGISDADIAKLNIPPGTILVFELDENLKPSKPSYYLDPEA , CCCEECECCCCCCHHHHCCCCCCCCCCCHHHHHHHHHHHHHHHHHCCCCCEEEEECCHHHHHHHHHHHHHHCCCCCCCEEECCCCCCCCCCCCCCCCCHHHHHCCCHHHHHCCCCCCCCCCCCCCCCCCCCCCCCCCCCCCCCCCCCCCCCCCHHHHHHHHHHHCHHHHCCCCEEECCCCCHHHHHHHHHCCCCCCCCCCCCCCECCCEECCCCCCCCCCCCCECCCCCC
89,ACDYTCGSNCYSSSDVSTAQAAGYKLHEDGETVGSNSYPHKYNNYEGFDFSVSSPYYEWPILSSGDVYSGGSPGADRVVFNENNQLAGVITHTGASGNNFVECT , CCCEEECCEEECHHHHHHHHHHHHHHHHHCCCECCCCECEEECCCCCCCCCCCCCEEEEEECCCCCECCCCCCCCEEEEEECCCCEEEEEECCCCCCCCCEECC
90,SKPQPIAAANWKCNGSQQSLSELIDLFNSTSINHDVQCVVASTFVHLAMTKERLSHPKFVIAAQNAIAKSGAFTGEVSLPILKDFGVNWIVLGHSERRAYYGETNEIVADKVAAAVASGFMVIACIGETLQERESGRTAVVVLTQIAAIAKKLKKADWAKVVIAYEPVWAIGTGKVATPQQAQEAHALIRSWVSSKIGADVRGELRILYGGSVNGKNARTLYQQRDVNGFLVGGASLKPEFVDIIKATQ , CCCCCEEEEECCECCCHHHHHHHHHHHHHCCCCCCCEEEEEECHHHHHHHHCCCCCCCEEEEECCCECCCECCCCCCEHHHHHHHCCCEEEECCHHHHHHCCCCHHHHHHHHHHHHHCCCEEEEEECCCHHHHHCCCHHHHHHHHHHHHHCCCCHHHHHHEEEEECCHHHCCCCCCCCHHHHHHHHHHHHHHHHHHCCHHHHHHCCEEECCCCCCCCHHHHHCCCCCCEEEECHHHCCCCHHHHHHCCC
91,ALWQFNGMIKCKIPSSEPLLDFNNYGCYCGLGGSGTPVDDLDRCCQTHDNCYKQAKKLDSCKVLNNYSYSCSNNEITCSSENNACEAFICNCDRNAAICFSKVPYNKEHKNLDKKNC , CHHHHHHHHHHHCCCCCHHHHCCCECCCECCCCCCCCCCHHHHHHHHHHHHHHHHCCCHHHCCCCCCCEEEECCEEEECCCCCHHHHHHHHHHHHHHHHHHCCCCCHHHECCCHHHC
92,GEVASVPLTNYLDSQYFGKIYLGTPPQEFTVLFDTGSSDFWVPSIYCKSNACKNHQRFDPRKSSTFQNLGKPLSIHYGTGSMQGILGYDTVTVSNIVDIQQTVGLSTQEPGDVFTYAEFDGILGMAYPSLASEYSIPVFDNMMNRHLVAQDLFSVYMDRNGQESMLTLGAIDPSYYTGSLHWVPVTVQQYWQFTVDSVTISGVVVACEGGCQAILDTGTSKLVGPSSDILNIQQAIGATQNQYGEFDIDCDNLSYMPTVVFEINGKMYPLTPSAYTSQDQGFCTSGFQSEQKWILGDVFIREYYSVFDRANNLVGLAKAI , CECEEEECEEECCCEEEEEEEECCCCEEEEEEEECCCCCEEEEECCCCCHHHHCCCCECHHHCCCCEEEEEEEEEEECCEEEEEEEEEEEEEECCEEEEEEEEEEEEECCCHHHHHCCCCEEEECCCHHHCCCCCCCHHHHHHHCCCECCCEEEEECCCCCCCCEEEECCCCHHHEEEEEEEEECCCECCEEEEEEEEEECCEEEECCCCEEEEECCCCCCEEECHHHHHHHHHHHCCEECCCCCEEECCCHHHHCCCEEEEECCEEEEECHHHHEEEECCEEEECEEECCCEEECHHHHCCEEEEEECCCCEEEEEEEC
93,THADPICNKPCKTHDDCSGAWFCQACWNSARTCGPYV , CCCCCCCCCECCCCCCCCCCCCCCEEECCCCEEECCC
94,AFAGVLNDADIAAALEACKAADSFNHKAFFAKVGLTSKSADDVKKAFAIIDQDKSGFIEEDELKLFLQNFKADARALTDGETKTFLKAGDSDGDGKIGVDEFTALVKA , CCCCCCCHHHHHHHHHHCCCCCCCCHHHHHHHHCHHHCCHHHHHHHHHHHCCCCCCCECHHHHHCHHHHCCCCCCCCCHHHHHHHHHHHCCCCCCCECHHHHHHHHHC
95,VASYDYLVIGGGSGGLASARRAAELGARAAVVESHKLGGTCVNVGCVPKKVMWNTAVHSEFMHDHADYGFPSCEGKFNWRVIKEKRDAYVSRLNAIYQNNLTKSHIEIIRGHAAFTSDPKPTIEVSGKKYTAPHILIATGGMPSTPHESQIPGASLGITSDGFFQLEELPGRSVIVGAGYIAVEMAGILSALGSKTSLMIRHDKVLRSFDSMISTNCTEELENAGVEVLKFSQVKEVKKTLSGLEVSMVTAVPGRLPVMTMIPDVDCLLWAIGRVPNTKDLSLNKLGIQTDDKGHIIVDEFQNTNVKGIYAVGDVCGKALLTPVAIAAGRKLAHRLFEYKEDSKLDYNNIPTVVFSHPPIGTVGLTEDEAIHKYGIENVKTYSTSFTPMYHAVTKRKTKCVMKMVCANKEEKVVGIHMQGLGCDEMLQGFAVAVKMGATKADFDNTVAIHPTSSEELVTLR , CEECCEEEECCCHHHHHHHHHHHHCCCCEEEEECCCCCHHHHHHCHHHHHHHHHHHHHHHHHHCCHHHCCCCCCCCCCHHHHHHHHHHHHHHHHHHHHHHHHHCCCEEEECCCEECCCCCCEEEECCEEEECCCEEECCCEEECCCCCCCCCCHHHCECHHHHCCCCCCCCEEEEECCCHHHHHHHHHHHHCCCEEEEECCCCCCCCCCCHHHHHHHHHHHHHCCCEEECCEEEEEEEEECCEEEEEEEECCCCCCCEEEEEEEECEEEECCCEEECCHHHCHHHCCCCECCCCCECCCCCCECCCCCEEECHHHHCCCCCHHHHHHHHHHHHHHHHCCCCCCCCCCCCCCEEECCCCCEEEEECCHHHHHHHHCHHHEEEEEEEECCHHHHHCCCCCCEEEEEEEECCCCEEEEEEEECCCHHHHHHHHHHHHHCCCEHHHHHCCCCCCCCCHHHHHCCC
96,MKRIGVLTSGGDSPGMNAAIRSVVRKAIYHGVEVYGVYHGYAGLIAGNIKKLEVGDVGDIIHRGGTILYTARCPEFKTEEGQKKGIEQLKKHGIQGLVVIGGDGSYQGAKKLTEHGFPCVGVPGTIDNDIPGTDFTIGFDTALNTVIDAIDKIRDTATSHERTYVIEVMGRHAGDIALWSGLAGGAETILIPEADYDMNDVIARLKRGHERGKKHSIIIVAEGVGSGVDFGRQIQEATGFETRVTVLGHVQRGGSPTAFDRVLASRLGARAVELLLEGKGGRCVGIQNNQLVDHDIAEALANKHTIDQRMYALSKELSI , CCEEEEEEECCCCCCHHHHHHHHHHHHHHCCCEEEEECCHHHHHHCCCEEEECHHHHCCCCCCCCCCCCCCCCCCCCCHHHHHHHHHHHHHHCCCEEEEEECHHHHHHHHHHHHCCCCEEEEEECCCCCCCCCCCCECHHHHHHHHHHHHHHHHHHHHHCCCEEEEEECCCCCCHHHHHHHHHCCCCEEECCCCCCCHHHHHHHHHHHHHCCCCCEEEEEECCCCCHHHHHHHHHHHHCCCEEEEECHHHHHCCCCCHHHHHHHHHHHHHHHHHHHCCCCCEEEEEECCEEEEEEHHHHCCCCCCCCHHHHHHHHHHCC
97,TVASISSGPKHTQKVPILTANETGATMPVLPSDSIETRTTYMHFNGSETDVECFLGRAACVHVTEIQNKDATGIDNHREAKLFNDWKINLSSLVQLRKKLELFTYVRFDSEYTILATASQPDSANYSSNLVVQAMYVPPGAPNPKEWDDYTWQSASNPSVFFKVGDTSRFSVPYVGLASAYNCFYDGYSHDDAETQYGITVLNHMGSMAFRIVNEHDEHKTLVKIRVYHRAKHVEAWIPRAPRALPYTSIGRTNYPKNTEPVIKKRKGDIKSY , CEEECCECCCCCCCCCCEECHHHCCCCCCCHHHCCCECCEECCCCCHHHEHHHHHCCCEEEEEEEEEECCCCCCCCCHHHCCEEEEECCCCCCHHHHHHHCCEEEEEEEEEEEEEEEEECCCCCCCCCCCEEEEEECCCCCCCCCCCCCHHHHCCCCCEEEEECCCEEEEEECCCCCCCCEECCCCECCCCCCCCCCCCCHHHCCCEEEEEECCCCCCCCEEEEEEEEEEEEEEEEEEECCCECCCCCCCCCCCCCCCCCCCCCCCCCCCCCC
98,GLPTTTLPGSGQFLTTDDRQSPSALPNYEPTPRIHIPGKVHNLLEIIQVDTLIPMNNTHTKDEVNSYLIPLNANRQNEQVFGTNLFIGDGVFKTTLLGEIVQYYTHWSGSLRFSLMYTGPALSSAKLILAYTPPGARGPQDRREAMLGTHVVWDIGLQSTIVMTIPWTSGVQFRYTDPDTYTSAGFLSCWYQTSLILPPETTGQVYLLSFISACPDFKLRLMKDTQTISQTVALTE , CCCCCCCCCCCCCCCCCCCCCCECCCCCCCCCCCCCCCEECEHHHHCCCCEECCCCCCCCCCCHHHCEEEEEECCCCCEEEEEECCCCCCCHHHCHHHHHHCCEEEEECCEEEEEEECCCCCCECEEEEEEECCCCCCCCCHHHHHCCEEEEEECCCCCEEEEEECCCCCCCCEECCCCCCCCCCEEEEEECCCEECCCCCCCEEEEEEEEEECCCCEEEEECCCCCCCCCCCCCC
99,INYYKDAASTSSAGQSLSMDPSKFTEPVKDLMLKGAPALN , CCCCCCHHHCCCCCCCCCCCCHHHHCCECCCCCCCCCCCC
100,MKKYTCTVCGYIYDPEDGDPDDGVNPGTDFKDIPDDWVCPLCGVGKDEFEEVEE , CCCEEECCCCCEECCCCCEHHHCECCCCCHHHCCCCCECCCCCCEHHHEEECCC
101,SVYDAAAQLTADVKKDLRDSWKVIGSDKKGNGVALMTTLFADNQETIGYFKRLGNVSQGMANDKLRGHSITLMYALQNFIDQLDNPDDLVCVVEKFAVNHITRKISAAEFGKINGPIKKVLASKNFGDKYANAWAKLVAVVQAAL , CHHHHHCCCCHHHHHHHHHHHHHHCCCHHHHHHHHHHHHHHHCHHHHHHHHHHCCHHHHHHCHHHHHHHHHHHHHHHHHHHCCCCHHHHHHHHHHHHHHHHHCCCCHHHHHHHHHHHHHHHHHCCCCHHHHHHHHHHHHHHHHHC
102,PICTNCCAGYKGCNYYSANGAFICEGQSDPKKPKACPLNCDPHIAYSKCPR , CCCCCCCCCECCCEEECCCCCEEEECCECCCCCCCEECCECCCCCEEECCC
103,MDLLAELQWRGLVNQTTDEDGLRKLLNEERVTLYCGFDPTADSLHIGHLATILTMRRFQQAGHRPIALVGGATGLIGDPSGKKSERTLNAKETVEAWSARIKEQLGRFLDFEADGNPAKIKNNYDWIGPLDVITFLRDVGKHFSVNYMMAKESVQSRIETGISFTEFSYMMLQAYDFLRLYETEGCRLQIGGSDQWGNITAGLELIRKTKGRAFGLTIPLVTKADGTKFGKTESGTIWLDKEKTSPYEFYQFWINTDDRDVIRYLKYFTFLSKEEIEALEQELREAPEKRAAQKTLAEEVTKLVHGEEALRQAIRYA , CHHHHHHHHCCCCCEECCHHHHHHHHHHCCCEEEEEECCCCCCCECCCHHHHHHHHHHHHCCCEEEEEECCCHHHCCCCCCCCCCCCCCCHHHHHHHHHHHHHHHCCCCCCCCCCCCCEEEECHHHHCCCEHHHHHHHCHHHCEHHHHHCCHHHHCCCCCCCEHHHHCHHHHHHHHHHHHHHHHCEEEEEEEHHHHHHHHHHHHHHHHHHCCCEEEEECCCCCCCCCCCCECCCCECECCCCCCCHHHHHHHHHCCCCCCHHHHHHHHCCCCHHHHHHHHHHHHHCCCCCHHHHHHHHHHHHHHHCHHHHHHHHHHC
104,VQPTPADHFTFGLWTVGWTGADPFGVATRANLDPVEAVHKLAELGAYGITFHDNDLIPFDATAAEREKILGDFNQALADTGLKVPMVTTNLFSHPVFKDGGFTSNDRSIRRFALAKVLHNIDLAAEMGAETFVMWGGREGSEYDGSKDLAAALDRMREGVDTAAGYIKDKGYNLRIALEPKPNEPRGDIFLPTVGHGLAFIEQLEHGDIVGLNPETGHEQMAGLNFTHGIAQALWAEKLFHIDLNGQRGIKYDQDLVFGHGDLTSAFFTVDLLENGFPNGGPKYTGPRHFDYKPSRTDGYDGVWDSAKANMSMYLLLKERALAFRADPEVQEAMKTSGVFELGETTLNAGESAADLMNDSASFAGFDAEAAAERNFAFIRLNQLAIEHLLGSR , CCCCHHHCEEEEHHHHHCCCCECCECCCCCCCCHHHHHHHHHHHCCCEEEEEHHHHCCCCCCHHHHHHHHHHHHHHHHHHCCEEEEEECCCCCCHHHCCCCCCCCCHHHHHHHHHHHHHHHHHHHHCCCCEEEECCCCCEECCHHHCCHHHHHHHHHHHHHHHHHHHHHHCCCCEEEECCCCCCCCCEECCCCHHHHHHHHCCCCCHHHEEECCEHHHHHCCCCCHHHHHHHHHHCCCECCCEECECCCCCCCCCECCCCCCHHHHHHHHHHHHHCCCCCCCCCCCCEEECCCCCCCCCHHHHHHHHHHHHHHHHHHHHHHHHHHHCHHHHHHHHHCCCCHHHCCCCCCCCCHHHHHCCCCCCCCCCHHHHCCCCCCHHHHHHHHHHHHCCCC
105,GDVAKGKKTFVQKCAQCHTVENGGKHKVGPNLWGLFGRKTGQAEGYSYTDANKSKGIVWNNDTLMEYLENPKKYIPGTKMIFAGIKKKGERQDLVAYLKSATS , CCHHHHHHHHHHHCCCCCCCCCCCCCCCCCCCCCCCCCECCCCCCCCCCHHHHCCCCECCHHHHHHHHHCHHHHCCCCCCCCCCCCCHHHHHHHHHHHHHHCC
106,STGSATTTPIDSLDDAYITPVQIGTPAQTLNLDFDTGSSDLWVFSSETTASEVDGQTIYTPSKSTTAKLLSGATWSISYGDGSSSSGDVYTDTVSVGGLTVTGQAVESAKKVSSSFTEDSTIDGLLGLAFSTLNTVSPTQQKTFFDNAKASLDSPVFTADLGYHAPGTYNFGFIDTTAYTGSITYTAVSTKQGFWEWTSTGYAVGSGTFKSTSIDGIADTGTTLLYLPATVVSAYWAQVSGAKSSSSVGGYVFPCSATLPSFTFGVGSARIVIPGDYIDFGPISTGSSSCFGGIQSSAGIGINIFGDVALKAAFVVFNGATTPTLGFASK , CCEEEEEEECCCCCCCEEEEEEECCCCEEEEEEEECCCCCCEECECCCCHHHCCCCCCECHHHCCCCEEEEEEEEEEECCCCCEEEEEEEEEEEEECCEEEEEEEEEEEEEECHHHHHCCCCCEEEECCCHHHCCCECCCCCCHHHHHCCCCCCCEEEEECCCCCCEEEEECCCCCCCCEEEEEEEECECCCCCCEEEEEEEEECCCCCEEEEEEEEECCCCCCEEECHHHHHHHHCCCCCCEEECCCCEEEEECCCCCCCEEEEECCEEEEECHHHHEEEECCCCCCEEEECEEECCCCCCEEECHHHHCCEEEEEECCCCCEEEEEEC
107,PQITLWQRPLVTIKIGGQLKEALLDTGADDTVLEEMNLPGRWKPKMIGGIGGFIKVRQYDQILIEICGHKAIGTVLVGPTPVNIIGRNLLTQIGCTLNF , CEEECCCCCEEEEEECCEEEEEEECCCCCCEEEECCCCCCCCEEEEEEECCEEEEEEEEEEEEEEECCEEEEEEEEEECCCCCEECHHHHHHHCCEEEC
108,ATLKEKLIAPVAQQETTIPDNKITVVGVGQVGMACAISILGKSLTDELALVDVLEDKLKGEMMDLQHGSLFLQTPKIVANKDYSVTANSKIVVVTAGVRQQEGESRLNLVQRNVNVFKFIIPQIVKYSPNCIIIVVSNPVDILTYVAWKLSGLPKHRVIGSGCNLDSARFRYLMGEKLGVHPSSCHGWILGEHGDSSVAVWSGVNVAGVVLQQLNPEMGTDNDSENWKEVHKMVVESAYEVIKLKGYTNWAIGLSVADLIESMLKNLSRIHPVSTMVQGMYGIENEVFLSLPCVLNARGLTSVINQKLKDDEVAQLKNSADTLWGIQKDLKDL , CCCCCCCCCCCCCCCCCCCCCCEEECCCCHHHHHHHHHHHHHCCCCCEEECCCCCHHHHHHHHHHHHHHHHCCCCCEECCCCCCHHHCCCEEEECCCCCCCCCCCCCCCCHHHHHHHHCCHHHHHHHCCCCEEEECCCCHHHHHHHHHHHHCCHHHHEECCCCHHHHHHHHHHHHHHHCCCCCCCECCEECCCCCCCEECCCCCECCCCCCCCCCCCCCCCCCCCCHHHHHHHHHHHHHCCCCCCHHHHHHHHHHHHHHHHHHHHCCCCCECCCCCCCCCCCCCCCCCCCCCEEEECCEEEEECCCCCCCCHHHHHHHHHHHHHHHHHHHCCC
109,KVFGRCELAAAMKRHGLDNYRGYSLGNWVCAAKFESNFNTQATNRNTDGSTDYGILQINSRWWCNDGRTPGSRNLCNIPCSALLSSDITASVNCAKKIVSDGNGMNAWVAWRNRCKGTDVQAWIRGCRL , CECCHHHHHHHHHHCCCCCECCECHHHHHHHHHHHHCCECCCEEECCCCCEEECCCCEECCCCCECCCCCCCCCCCCCEHHHHHCCCCHHHHHHHHHHCCCCCHHHHCHHHHHHCCCCCHHHHCCCCCC
110,RAKVAMSHFEPHEYIRYDLLEKNIDIVRKRLNRPLTLSEKIVYGHLDDPANQEIERGKTYLRLRPDRVAMQDATAQMAMLQFISSGLPKVAVPSTIHCDHLIEAQLGGEKDLRRAKDINQEVYNFLATAGAKYGVGFWRPGSGIIHQIILENYAYPGVLLIGTDSHTPNGGGLGGICIGVGGADAVDVMAGIPWELKCPKVIGVKLTGSLSGWTSPKDVILKVAGILTVKGGTGAIVEYHGPGVDSISCTGMATICNMGAEIGATTSVFPYNHRMKKYLSKTGRADIANLADEFKDHLVPDPGCHYDQVIEINLSELKPHINGPFTPDLAHPVAEVGSVAEKEGWPLDIRVGLIGSCTNSSYEDMGRSAAVAKQALAHGLKCKSQFTITPGSEQIRATIERDGYAQVLRDVGGIVLANACGPCIGQWDRKDIKKGEKNTIVTSYNRNFTGRNDANPETHAFVTSPEIVTALAIAGTLKFNPETDFLTGKDGKKFKLEAPDADELPRAEFDPGQDTYQHPPKDSSGQRVDVSPTSQRLQLLEPFDKWDGKDLEDLQILIKVKGKCTTDHISAAGPWLKFRGHLDNISNNLLIGAINIENRKANSVRNAVTQEFGPVPDTARYYKQHGIRWVVIGDENYGEGSSREHSALEPRHLGGRAIITKSFARIHETNLKKQGLLPLTFADPADYNKIHPVDKLTIQGLKDFAPGKPLKCIIKHPNGTQETILLNHTFNETQIEWFRAGSALNRMKELQQK , CCCCCECCCCCCCCECCHHHHHHHHHHHHHHHCCCCCHHHHHHHCCECCCCCCCCCCCCCEEEECCCEEEEEHHHHHHHHHHHHHHCCCCCCCCEEEECCCCCCECCCHHHHHHHHHHHHHHHHHHHHHHHHHHCCEEECCCCECHHHHHHHHCCCCCCEEEECCCCHHHHHHHCCEEEECCHHHHHHHHHCCCEEEECCEEEEEEEECCCCCCCCHHHHHHHHHHHHHHHHCCCEEEEEECHHHHHCCHHHHHHHHHHHHHHCCCEEECCCCHHHHHHHHHCCCHHHHHHHHCCHHHCCCCCCCCCCEEEEEECCCCCCECECCCCCCCCCEHHHHHHHHHHHCCCCEEEEEEEECCCECCHHHHHHHHHHHHHHHCCCCCCCCEEEEECCEHHHHHHHHHCCHHHHHHHCCEEECCCCCHHHCCCECCCCCCCCCCEEEEECCCCCCCCCCCCCCCEEEEECCHHHHHHHHHHCECCCCCCCCCEECCCCCEECCCCCCCCCCCCCCCCCCCCCEECCCCCCCCCCCCCCCCCCCECCCCCCCCCCCCCEEEEEEEEEECCCCEHHHHECCHHHHHHCECHHHHHHHECCCCEECCCCEECCEECCCCCCEECHHHHHHHHHCCCCCEEEECCCCECECCCCCHHHHHHHHCCEEEEEECCECHHHHHHHHHCCCEEEEECCHHHHHCCCCCCEEEEECHHHCCCCCCEEEEEECCCCCEEEEEEECCCCHHHHHHHHHCCHHHHHHHCCCC
111,ARSTNTFNYATYHTLDEIYDFMDLLVAQHPELVSKLQIGRSYEGRPIYVLKFSTGGSNRPAIWIDLGIHSREWITQATGVWFAKKFTENYGQNPSFTAILDSMDIFLEIVTNPNGFAFTHSENRLWRKTRSVTSSSLCVGVDANRNWDAGFGKAGASSSPCSETYHGKYANSEVEVKSIVDFVKNHGNFKAFLSIHSYSQLLLYPYGYTTQSIPDKTELNQVAKSAVAALKSLYGTSYKYGSIITTIYQASGGSIDWSYNQGIKYSFTFELRDTGRYGFLLPASQIIPTAQETWLGVLTIMEHTVNN , CCCCCCCCCCCCCCHHHHHHHHHHHHHHCCCCEEEEEEEECCCCCEEEEEEECCCCCCCCEEEEEECCCCCCHHHHHHHHHHHHHHHHHECCEHHHHHHHHHCEEEEECCCCHHHHHHHHHCCCCCCCCCCCCCCCCCCCCCHHHCCCCCCCCCCCECCCCCCCECCCCCCCCHHHHHHHHHHHHHCCEEEEEEEEECCCEEEECCCCCCCCCCCHHHHHHHHHHHHHHHHHHHCCCCEEEEHHHHCCCCCCCHHHHHHHCCCCEEEEEEECCCCCCCCCCCHHHHHHHHHHHHHHHHHHHHHHHHC
112,NLAPLPPHVPEHLVFDFDMYNPSNLSAGVQEAWAVLQESNVPDLVWTRCNGGHWIATRGQLIREAYEDYRHFSSECPFIPREAGEAYDFIPTSMDPPEQRQFRALANQVVGMPVVDKLENRIQELACSLIESLRPQGQCNFTEDYAEPFPIRIFMLLAGLPEEDIPHLKYLTDQMTRPDGSMTFAEAKEALYDYLIPIIEQRRQKPGTDAISIVANGQVNGRPITSDEAKRMCGLLLVGGLDTVVNFLSFSMEFLAKSPEHRQELIERPERIPAACEELLRRFSLVADGRILTSDYEFHGVQLKKGDQILLPQMLSGLDERENACPMHVDFSRQKVSHTTFGHGSHLCLGQHLARREIIVTLKEWLTRIPDFSIAPGAQIQHKSGIVSGVQALPLVWDPATTKAV , CCCCCCCCCCHHHECCCCCCCCCCHHHCHHHHHHHHHCCCCCCEEEECHHHCEEEECCHHHHHHHHHCCCCEECCCCCCCHHHHHHCCCCCCCCCCCCHHHHHHHHHHHHCHHHHHHHHHHHHHHHHHHHHHHHHHCEEEHHHHCCCHHHHHHHHHHHCCCHHHHHHHHHHHHHHHCCCCCCCHHHHHHHHHHHHHHHHHHHHHCCCCCHHHHHHCCEECCEECCHHHHHHHHHHHHHHHHHCHHHHHHHHHHHHHCCHHHHHHHHHCHHHHHHHHHHHHHHCCCECEEEEECCCEEECCEEECCCCEEEECHHHHCCCCCCCCCCCCCCCCCCCCCCCCCCCHHHCCCCHHHHHHHHHHHHHHHHHHCCCCEECCCCCCCEECCCECEECCCEEECCHHHCCCC
113,ASSTNLKDVLAALIPKEQARIKTFRQQHGGTALGQITVDMSYGGMRGMKGLVYETSVLDPDEGIRFRGFSIPECQKLLPKGGGGEPLPEGLFWLLVTGQIPTGAQVSWLSKEWAKRAALPSHVVTMLDNFPTNLHPMSQLSAAITALNSESNFARAYAEGILRTKYWEMVYESAMDLIAKLPCVAAKIYRNLYRAGSSIGAIDSKLDWSHNFTNMLGYTDAQFTELMRLYLTIHSDHEGGNVSAHTSHLVGSALSDPYLSFAAAMNGLAGPLHGLANQEVLGWLAQLQKAAGADASLRDYIWNTLNSGRVVPGYGHAVLRKTDPRYTCQREFALKHLPGDPMFKLVAQLYKIVPNVLLEQGAAANPWPNVDAHSGVLLQYYGMTEMNYYTVLFGVSRALGVLAQLIWSRALGFPLERPKSMSTDGLIAL , CCCCCHHHHHHHHHHHHHHHHHHHHHHHCCCCCCCCCHHHHHCCCCCCCCCCCCCCEEECCCEEECCCCEHHHHHHHCCECCCCCECHHHHHHHHHHCCCCCHHHHHHHHHHHHHHCCCCHHHHHHHHHCCCCCCHHHHHHHHHHHHHHHCHHHHHHHHCCCHHHHHHHHHHHHHHHHHHHHHHHHHHHHHHHCCCCCCCCCCCCCCHHHHHHHHHCCCCHHHHHHHHHHHHHCCCCCCCCHHHHHHHHHHCCCCCHHHHHHHHHHHHCCCCCCCHHHHHHHHHHHHCCCCCCHHHHHHHHHHHHHCCCCCCCECCCCCCCCCHHHHHHHHHHHHHCCCCHHHHHHHHHHHHHHHHHHHHCCCCCCCECHHHCHHHHHHHCCCCCHHHHHHHHHHHHHHHHHHHHHHHHHCCCCCCCCCCCCHHHHHHC
114,MISLIAALAVDRVIGPWNLPADLAWFKRNTLDKPVIMGRHTWESIGRPLPGRKNIILSSQPGTDDRVTWVKSVDEAIAACGDVPEIMVIGGGRVYEQFLPKAQKLYLTHIDAEVEGDTHFPDYEPDDWESVFSEFHDADAQNSHSYCFEILERR , CEEEEEEECCCCECCCCCCHHHHHHHHHHHCCCCEEEEHHHHHHHCCCCCCCCEEEECCCCCCCCCCEEECCHHHHHHCCCCCCCEEECCCHHHHHHHHHHCCEEEEEEECCCCCCCCECCCCCHHHEEEEEEEEECCCCCCCCCEEEEEEEEC
115,VVYTDCTESGQNLCLCEGSNVCGQGNKCILGSDGEKNQCVTGEGTPEPQ , CCCCCCCCCCCCCCECCCCCECCCCCEEECCCCCCCCEEECCCCCCCCC
116,ITGTSTVGVGRGVLGDQKNINTTYSTYYYLQDNTRGDGIFTYDAKYRTTLPGSLWADADNQFFASYDAPAVDAHYYAGVTYDYYKNVHNRLSYDGNNAAIRSSVHYSQGYNNAFWNGSEMVYGDGDGQTFIPLSGGIDVVAHELTHAVTDYTAGLIYQNESGAINEAISDIFGTLVEFYANKNPDWEIGEDVYTPGISGDSLRSMSDPAKYGDPDHYSKRYTGTQDNGGVHINSGIINKAAYLISQGGTHYGVSVVGIGRDKLGKIFYRALTQYLTPTSNFSQLRAAAVQSATDLYGSTSQEVASVKQAFDAVGVK , CCCEEEEEEEECCCCCEEEEEEEECCCEECEECCCCCCEEEEECCCCCCCCCEECEECCCEECCHHHHHHHHHHHHHHHHHHHHHHHHCCCCCCCCCCCEEEEECCCCCCCCEEECCCCEEECCCCCCCECCHHHCHHHHHHHHHHHHHHHCCCCCCCHHHHHHHHHHHHHHHHHHHHHHCCCCCCEECCCCECCCCCCCCCEECCCHHHHCCCCCHHHCCCCCHHHHHCCCCHHHHHHHHHHHHHCEEECCEEECCCCHHHHHHHHHHHHHHCCCCCCCHHHHHHHHHHHHHHHHCCCCHHHHHHHHHHHHCCCC
117,NRDPASDQMKHWKEQRAAQKPDVLTTGGGNPVGDKLNSLTVGPRGPLLVQDVVFTDEMAHFDRERIPERVVHAKGAGAFGYFEVTHDITRYSKAKVFEHIGKRTPIAVRFSTVAGESGSADTVRDPRGFAVKFYTEDGNWDLVGNNTPIFFIRDALLFPSFIHSQKRNPQTHLKDPDMVWDFWSLRPESLHQVSFLFSDRGIPDGHRHMDGYGSHTFKLVNADGEAVYCKFHYKTDQGIKNLSVEDAARLAHEDPDYGLRDLFNAIATGNYPSWTLYIQVMTFSEAEIFPFNPFDLTKVWPHGDYPLIPVGKLVLNRNPVNYFAEVEQLAFDPSNMPPGIEPSPDKMLQGRLFAYPDTHRHRLGPNYLQIPVNCPYRARVANYQRDGPMCMMDNQGGAPNYYPNSFSAPEHQPSALEHRTHFSGDVQRFNSANDDNVTQVRTFYLKVLNEEQRKRLCENIAGHLKDAQLFIQKKAVKNFSDVHPEYGSRIQALLDKYN , CCCCHHHHHHHHHHCCCCCCCCCCECCCCCECCCCCCCCECCCCCCECCCCCCHHHHHHHHCCCCCCCCCCCCCEEEEEEEEEECCCCCCCCCCHHHCCCCCEEEEEEEEECCCCCCCCCCCCCCCCEEEEEEECCCCEEEEEEECCCCCCCCCHHHHHHHHHCCCECCCCCCECHHHHHHHHHHCHHHHHHHHHHCCCCCCECCHHHCCEECCCCEEEECCCCCEEEEEEEEEECCCCCECCHHHHHHHHHHCCCHHHHHHHHHHHCCCCCEEEEEEEEECHHHHHHCCCCCCCCCCCCCCCCCCCEEEEEEEEEECCCCHHHHCCCCCCCCCCCCCCEEECCCHHHHHHHHHHHHHHHHHCCCCHHHCHHHCCCCCCCCCCCCCCCCCCCCCCCCCCCCCCCCCCCCCCCHHHCCCCCCCCCCCCCCCCCCCCCCHHHHHHHHHCCCCHHHHHHHHHHHHHHCCCCHHHHHHHHHHHHHHCHHHHHHHHHHHHHHC
118,SKVVVPAQGKKITLQNGKLNVPENPIIPYIEGDGIGVDVTPAMLKVVDAAVEKAYKGERKISWMEIYTGEKSTQVYGQDVWLPAETLDLIREYRVAIKGPLTTPVGGGIRELNVALRQELDLYICLRPVRYYQGTPSPVKHPELTDMVIFRENSEDIYAGIEWKADSADAEKVIKFLREEMGVKKIRFPEHCGIGIKPCSEEGTKRLVRAAIEYAIANDRDSVTLVHKGNIMKFTEGAFKDWGYQLAREEFGGELIDGGPWLKVKNPNTGKEIVIKDVIADAFLQQILLRPAEYDVIACMNLNGDYISDALAAQVGGIGIAPGANIGDECALFEATHGTAPKYAGQDKVNPGSIILSAEMMLRHMGWTEAADLIVKGMEGAINAKTVTYDFERLMDGAKLLKCSEFGDAIIENM , CCCCCCCCCECCEEECCEEECCCCEEEEEECCCCCHHHHHHHHHHHHHHHHHHHCCCCCCCEEEECCCCHHHHHHHCCCCCCCHHHHHHHHHHCEEEECCCCCCCCCCCCCHHHHHHHHCCCCEEEEEEECCCCCCCCCCCHHHCEEEEEEECCCCHHHCCEECCCCHHHHHHHHHHHHCCCCCCCCCCCCCCEECCCCCHHHHHHHHHHHHHHHHHCCCCEEEEEECCCCCCCCHHHHHHHHHHHHHHHHCCEECCCCCCEEEECCCCCCEEEEEEEEHHHHHHHHHHCHHHCCEEEECHHHHHHHHHHHHHHCCCCCCCEEEEECCCCEEEEECCCCCCCCCCCCCCCCHHHHHHHHHHHHHHCCHHHHHHHHHHHHHHHHCCEECHHHHCCCCCCEECCHHHHHHHHHHCC
119,KETAAAKFERQHMDSSTSAASSSNYCNQMMKSRNLTKDRCKPVNTFVHESLADVQAVCSQKNVACKNGQTNCYQSYSTMSITDCRETGSSKYPNCAYKTTQANKHIIVACEGNPYVPVHFDASV , CCCHHHHHHHHHECCCCCCCCCCCHHHHHHHHCCCCCCCCCCEEEEECCCHHHHHHHHHCEEECCCCCCCCEEECCCCEEEEEEEECCCCECCECCEEEEEEEECEEEEEECCCCEEEEEEEEC
120,NLKLGFLVKQPEEPWFQTEWKFADKAGKDLGFEVIKIAVPDGEKTLNAIDSLAASGAKGFVICTPDPKLGSAIVAKARGYDMKVIAVDDQFVNAKGKPMDTVPLVMLAATKIGERQGQELYKEMQKRGWDVKESAVMAITANELDTARRRTTGSMDALKAAGFPEKQIYQVPTKSNDIPGAFDAANSMLVQHPEVKHWLIVGMNDSTVLGGVRATEGQGFKAADIIGIGINGVDAVSELSKAQATGFYGSLLPSPDVHGYKSSEMLYNWVAKDVEPPKFTEVTDVVLITRDNFKEELEKKGLGGK , CEEEEEEECCCCCHHHHHHHHHHHHHHHHHCEEEEEEECCCHHHHHHHHHHHHHCCCCEEEEECCCHHHHHHHHHHHHHCCCEEEEECCCCECCCCCECCCCCEEEECHHHHHHHHHHHHHHHHHHHCCCHHHEEEEEEECCCCHHHHHHHHHHHHHHHHHCCCHHHEEEEECCCCCHHHHHHHHHHHHCCCCCCCEEEEECCCHHHHHHHHHHHHHCCCCHHHEEEEEECCHHHHHHHCCCCCCCEEEEEECCHHHHHHHHHHHHHHHHHHCCCCCCEEEECCCEEEECCCHHHHHHHCCCCCC
121,STAGKVIKCKAAVLWEEKKPFSIEEVEVAPPKAHEVRIKMVATGICRSDDHVVSGTLVTPLPVIAGHEAAGIVESIGEGVTTVRPGDKVIPLFTPQCGKCRVCKHPEGNFCLKNDLSMPRGTMQDGTSRFTCRGKPIHHFLGTSTFSQYTVVDEISVAKIDAASPLEKVCLIGCGFSTGYGSAVKVAKVTQGSTCAVFGLGGVGLSVIMGCKAAGAARIIGVDINKDKFAKAKEVGATECVNPQDYKKPIQEVLTEMSNGGVDFSFEVIGRLDTMVTALSCCQEAYGVSVIVGVPPDSQNLSMNPMLLLSGRTWKGAIFGGFKSKDSVPKLVADFMAKKFALDPLITHVLPFEKINEGFDLLRSGESIRTILTF , CCCCCCEEEEEEEECCCCCCCEEEEEEECCCCCCEEEEEEEEEECCHHHHHHHHCCCCCCCCECCCCCEEEEEEEECCCCCCCCCCCEEEECCCCCCCCCHHHHCCCCCCCCCCCCCCCCCCCCCCCCCEEECCEECECCCCCCCCECEEEEEHHHEEECCCCCCCCCHHHHHCHHHHHHHHHHCCCCCCCCCEEEEECCCHHHHHHHHHHHHCCCCEEEEECCCHHHHHHHHHHCCCEEECHHHCCCCHHHHHHHHCCCCECEEEECCCCHHHHHHHHHCECCCCCEEEECCCCCCCCCCCCCCHHHHCCCEEEECCHHHCCHHHHHHHHHHHHHCCCCCCHHHEEEEEEHHHHHHHHHHHHCCCCCEEEEEC
122,HPTFNKITPNLAEFAFSLYRQLAHQSNSTNIFFSPVSIATAFAMLSLGTKADTHDEILEGLNFNLTEIPEAQIHEGFQELLRTLNQPDSQLQLTTGNGLFLSEGLKLVDKFLEDVKKLYHSEAFTVNFGDTEEAKKQINDYVEKGTQGKIVDLVKELDRDTVFALVNYIFFKGKWERPFEVKDTEEEDFHVDQVTTVKVPMMKRLGMFNIQHCKKLSSWVLLMKYLGNATAIFFLPDEGKLQHLENELTHDIITKFLENEDRRSASLHLPKLSITGTYDLKSVLGQLGITKVFSNGADLSGVTEEAPLKLSKAVHKAVLTIDEKGTEAAGAMFLEAIPM , CCCHHHHHHHHHHHHHHHHHHHHHHCCCCCEEECHHHHHHHHHHCHHHCCHHHHHHHHHHCCCCCCCCCHHHHHHHHHHHHHHHCCCCCCCEEEEEEEEEEECCCCCCHHHHHHHHHCCCCEEEEECCCCHHHHHHHHHHHHHHHCCCCCCCCCCCCCCCCCEEEEEEEEEEEEECCCCCHHHCEEEEECCCCCCCEEEEEEEEEEEEEEEEEHHHCEEEEEEEECCCEEEEEEEECCCCHHHHHHHCCHHHHHHHHHCCCCEEEEEEEECEEEEEEEECHHHHHHCCCCHHHCCCCCCCCCCCCCCEEEEEEEEEEEEEECCCEEEEEEEEEEEEEEC
123,SIPPEVKFNKPFVFLMIEQNTKSPLFMGKVVNPTQK , CCCCEEECCCCEEEEEEECCCCCEEEEEEECCCCCC
124,FVNQHLCGSHLVEALYLVCGERGFFYTPKA , CCCCCCCCHHHHHHHHHHHHHHCECCCCCC
125,IPEYVDWRQKGAVTPVKNQGSCGSCWAFSAVVTIEGIIKIRTGNLNQYSEQELLDCDRRSYGCNGGYPWSALQLVAQYGIHYRNTYPYEGVQRYCRSREKGPYAAKTDGVRQVQPYNQGALLYSIANQPVSVVLQAAGKDFQLYRGGIFVGPCGNKVDHAVAAVGYGPNYILIKNSWGTGWGENGYIRIKRGTGNSYGVCGLYTSSFYPVKN , CCCCEECCCCCCCCCCCECCCCECHHHHHHHHHHHHHHHHHHCCCCCECHHHHHHHCCCCCCCECCCHHHHHHHHHHCCECECCCCCCCCCCCCCCCHHHCCCCECCCEEEECCCCCHHHHHHHHHHCCEEEEECCCCHHHHCCCCCEECCCCCCCCCEEEEEEEEECCEEEEECCECCCCCECCEEEEECCCCCCCCHHHCCCCCEEEECC
126,CRCGEQGSNMECPNNLCCSQYGYCGMGGDYCGKGCQNGACWTSKRCGSQAGGATCPNNHCCSQYGHCGFGAEYCGAGCQGGPCRADIKCGSQSGGKLCPNNLCCSQWGFCGLGSEFCGGGCQSGACSTDKPCGKDAGGRVCTNNYCCSKWGSCGIGPGYCGAGCQSGGCDA , CCCEHHHCCECCHHHCEECCCCCEECCHHHHCCCCCCCCCCCCCECHHHHCCCCCHHHCEECCCCEEECCHHHHCCCCCECCCCCCCECEHHHCCECCHHHCEECCCCEEECCHHHHCCCCCCCCCCCCCCCEHHHCCECCHHHCEECCCCCEECCHHHHCCCCCECCCCC
